<?xml version="1.0"?>
<Specialization xmlns:xsi="http://www.w3.org/2001/XMLSchema-instance" xmlns:xsd="http://www.w3.org/2001/XMLSchema">
  <Key>AMBASSADOR</Key>
  <Name>Ambassador</Name>
  <Description>
    [H4]Ambassador - Courting Support[h4]

An Ambassador seeks out those who can help a cause and works to ensure they do. He brings the best arguments he can to sway planets, systems, corporations, and other groups to side with the forces he serves. The Ambassador brings every possible asset to bear in order to convince them to see things his way. 

[P]Ambassadors gain [B]Charm, Discipline, Knowledge (Core Worlds),[b] and [B]Negotiation[b] as added career skills, and may receive a free rank in two of them if this is the first selected specialization for the PC. Masters of the bargaining process between governments and similar factions, Ambassadors know how to keep their wits about them and resist being manipulated themselves. 
[P]Compromise is a way of life for the Ambassador; he won't even bother going into a negotiation if he has no room in which to maneuver. The true mastery of his trade is in getting his most important goals agreed to and making the other side of the discussion feel like the agreement was its doing. Ambassadors are just as effective in dealing with individuals in crisis situations as they are in managing discussions with a room full of skeptical politicians. 
[P]The Alliance lives and dies on the abilities of its best Ambassadors. Every time they are able to convince yet another planet, faction, or corporation to side with the Rebellion, that much more hope spreads throughout the ranks, and many more resources become available. The upper echelons understand even the end of the war won't mean an end to the conflict, and that stage will be fully in the hands of their Ambassadors.</Description>
  <Source>Age of Rebellion Core Rulebook</Source>
  <Custom>DescOnly</Custom>
  <CareerSkills>
    <Key>CHARM</Key>
    <Key>DISC</Key>
    <Key>CORE</Key>
    <Key>NEG</Key>
  </CareerSkills>
  <TalentRows>
    <TalentRow>
      <Cost>5</Cost>
      <Talents>
        <Key>INDIS</Key>
        <Key>KILL</Key>
        <Key>NOBFOOL</Key>
        <Key>CONF</Key>
      </Talents>
      <Directions>
        <Direction />
        <Direction>
          <Down>true</Down>
        </Direction>
        <Direction>
          <Down>true</Down>
        </Direction>
        <Direction>
          <Down>true</Down>
        </Direction>
      </Directions>
    </TalentRow>
    <TalentRow>
      <Index>1</Index>
      <Cost>10</Cost>
      <Talents>
        <Key>INDIS</Key>
        <Key>GRIT</Key>
        <Key>GRIT</Key>
        <Key>DODGE</Key>
      </Talents>
      <Directions>
        <Direction>
          <Right>true</Right>
        </Direction>
        <Direction>
          <Left>true</Left>
          <Up>true</Up>
          <Down>true</Down>
        </Direction>
        <Direction>
          <Up>true</Up>
          <Down>true</Down>
        </Direction>
        <Direction>
          <Up>true</Up>
          <Down>true</Down>
        </Direction>
      </Directions>
    </TalentRow>
    <TalentRow>
      <Index>2</Index>
      <Cost>15</Cost>
      <Talents>
        <Key>KILL</Key>
        <Key>INSPRHET</Key>
        <Key>STNERV</Key>
        <Key>CONF</Key>
      </Talents>
      <Directions>
        <Direction>
          <Right>true</Right>
          <Down>true</Down>
        </Direction>
        <Direction>
          <Left>true</Left>
          <Right>true</Right>
          <Up>true</Up>
          <Down>true</Down>
        </Direction>
        <Direction>
          <Left>true</Left>
          <Right>true</Right>
          <Up>true</Up>
        </Direction>
        <Direction>
          <Left>true</Left>
          <Up>true</Up>
          <Down>true</Down>
        </Direction>
      </Directions>
    </TalentRow>
    <TalentRow>
      <Index>3</Index>
      <Cost>20</Cost>
      <Talents>
        <Key>INSPRHETIMP</Key>
        <Key>INTENSPRE</Key>
        <Key>WORKLIKECHARM</Key>
        <Key>DODGE</Key>
      </Talents>
      <Directions>
        <Direction>
          <Up>true</Up>
          <Down>true</Down>
        </Direction>
        <Direction>
          <Right>true</Right>
          <Up>true</Up>
          <Down>true</Down>
        </Direction>
        <Direction>
          <Left>true</Left>
        </Direction>
        <Direction>
          <Up>true</Up>
          <Down>true</Down>
        </Direction>
      </Directions>
    </TalentRow>
    <TalentRow>
      <Index>4</Index>
      <Cost>25</Cost>
      <Talents>
        <Key>INSPRHETSUP</Key>
        <Key>NATCHARM</Key>
        <Key>DEDI</Key>
        <Key>SIXSENSE</Key>
      </Talents>
      <Directions>
        <Direction>
          <Up>true</Up>
        </Direction>
        <Direction>
          <Right>true</Right>
          <Up>true</Up>
        </Direction>
        <Direction>
          <Left>true</Left>
          <Up>true</Up>
        </Direction>
        <Direction>
          <Up>true</Up>
        </Direction>
      </Directions>
    </TalentRow>
  </TalentRows>
</Specialization>