<?xml version="1.0"?>
<Specialization xmlns:xsi="http://www.w3.org/2001/XMLSchema-instance" xmlns:xsd="http://www.w3.org/2001/XMLSchema">
  <Key>ARTISAN</Key>
  <Name>Artisan</Name>
  <Description>[H4]Artisan[h4]

Some Force users have an innate skill with tools and machines. These skilled artificers can use their skill with the Force to enhance their abilities, and even intuitively understand a machine's form and function. After all, while tools and machines may not be alive, the Force envelopes everything in the galaxy. Artisans feel the Force that surrounds their tools and the items they work on, using this connection to build creations of wondrous beauty and precision. An Artisan does not create scores of the same item for sale Of distribution. Instead, each of his creations is individual and iconic, a true work of art. 

[P]Artisans acquire [B]Astrogation, Computers, Knowledge (Education),[b] and [B]Mechanics[b] as additional career skills. If this is the character's starting specialization, he may choose two of these skills and gain one free rank in each, without spending starting experience. In order to fully integrate their Force abilities with the devices they manipulate, Artisans must first have a solid understanding of how those tools work. This requires a fundamental educational grounding in the principles of technology. 

[P]Within urban environments, individuals who never learn to recognize their Force talents are prone to follow the Artisan's path. This is because they are surrounded by technology, and if these individuals take an interest in how things work and how to repair them, their Force abilities may naturally develop in concert. When faced with a broken machine, they can often identify the problem in an intuitive way—some even claim that the machines "speak" to them. Some Artisans live up to the stereotype of the messy inventor, while others remain meticulously neat or even take pains to disguise their craftsmanship from casual observers.</Description>
  <Source>Force and Destiny Core Rulebook</Source>
  <Custom>DescOnly</Custom>
  <CareerSkills>
    <Key>ASTRO</Key>
    <Key>COMP</Key>
    <Key>EDU</Key>
    <Key>MECH</Key>
  </CareerSkills>
  <TalentRows>
    <TalentRow>
      <Cost>5</Cost>
      <Talents>
        <Key>SOLREP</Key>
        <Key>FINETUN</Key>
        <Key>MENTTOOLS</Key>
        <Key>TECHAPT</Key>
      </Talents>
      <Directions>
        <Direction>
          <Down>true</Down>
        </Direction>
        <Direction>
          <Down>true</Down>
        </Direction>
        <Direction>
          <Down>true</Down>
        </Direction>
        <Direction>
          <Down>true</Down>
        </Direction>
      </Directions>
    </TalentRow>
    <TalentRow>
      <Cost>10</Cost>
      <Talents>
        <Key>GRIT</Key>
        <Key>SOLREP</Key>
        <Key>FINETUN</Key>
        <Key>GRIT</Key>
      </Talents>
      <Directions>
        <Direction>
          <Right>true</Right>
          <Up>true</Up>
          <Down>true</Down>
        </Direction>
        <Direction>
          <Left>true</Left>
          <Right>true</Right>
          <Up>true</Up>
          <Down>true</Down>
        </Direction>
        <Direction>
          <Left>true</Left>
          <Right>true</Right>
          <Up>true</Up>
        </Direction>
        <Direction>
          <Left>true</Left>
          <Up>true</Up>
          <Down>true</Down>
        </Direction>
      </Directions>
    </TalentRow>
    <TalentRow>
      <Cost>15</Cost>
      <Talents>
        <Key>INVENT</Key>
        <Key>IMBUEITEM</Key>
        <Key>NATTIN</Key>
        <Key>DEFSLI</Key>
      </Talents>
      <Directions>
        <Direction>
          <Right>true</Right>
          <Up>true</Up>
          <Down>true</Down>
        </Direction>
        <Direction>
          <Left>true</Left>
          <Right>true</Right>
          <Up>true</Up>
        </Direction>
        <Direction>
          <Left>true</Left>
          <Right>true</Right>
        </Direction>
        <Direction>
          <Left>true</Left>
          <Up>true</Up>
          <Down>true</Down>
        </Direction>
      </Directions>
    </TalentRow>
    <TalentRow>
      <Cost>20</Cost>
      <Talents>
        <Key>SOLREP</Key>
        <Key>FORCERAT</Key>
        <Key>DEFSLI</Key>
        <Key>MENTFOR</Key>
      </Talents>
      <Directions>
        <Direction>
          <Right>true</Right>
          <Up>true</Up>
          <Down>true</Down>
        </Direction>
        <Direction>
          <Left>true</Left>
          <Down>true</Down>
        </Direction>
        <Direction>
          <Right>true</Right>
          <Down>true</Down>
        </Direction>
        <Direction>
          <Left>true</Left>
          <Up>true</Up>
          <Down>true</Down>
        </Direction>
      </Directions>
    </TalentRow>
    <TalentRow>
      <Cost>25</Cost>
      <Talents>
        <Key>MASTART</Key>
        <Key>INTUITIMP</Key>
        <Key>DEDI</Key>
        <Key>COMPTECH</Key>
      </Talents>
      <Directions>
        <Direction>
          <Right>true</Right>
          <Up>true</Up>
        </Direction>
        <Direction>
          <Left>true</Left>
          <Up>true</Up>
        </Direction>
        <Direction>
          <Right>true</Right>
          <Up>true</Up>
        </Direction>
        <Direction>
          <Left>true</Left>
          <Up>true</Up>
        </Direction>
      </Directions>
    </TalentRow>
  </TalentRows>
</Specialization>