<?xml version="1.0"?>
<Specialization xmlns:xsi="http://www.w3.org/2001/XMLSchema-instance" xmlns:xsd="http://www.w3.org/2001/XMLSchema">
  <Key>MERCENARY</Key>
  <Name>Mercenary Soldier</Name>
  <Description>[H4]Mercenary Soldier - Master of War[h4]
If the Marauder is the melee master, and the Bodyguard is the all-around weapons and gear trooper, the Mercenary Soldier is the warfare expert. An adept of both ranged combat and military tactics, he is a leader of warriors in combat and a deadly combatant himself. 
[P]Mercenary Soldiers add the career skills of [B]Discipline, Gunnery, Leadership[b] and [B]Ranged (Heavy)[b]. If this is the character's starting Specialization, he may choose two of these skills and gain one free rank in each, without spending starting experience. A Mercenary Soldier can be a true mental rock in critical situations. He is a deadly foe all on his own, and deadlier still if he has a force to lead in battle. 

[P]Mercenary Soldiers are the most likely to have come from prior service with a larger organization, and they almost certainly had at least a non-commissioned officer role with that force. They have a keen grasp of both tactics and strategy, though they will tend to focus more on the former as a Matter of practicality and survival. Even in less formal situations, a Mercenary Soldier will tend to show a high degree of personal discipline and order. 

[P]In a Player Character group, it will not be out of the question for a Mercenary Soldier to take charge, at least in situations where combat is likely. Though his leadership skills are not as comprehensive as other specializations, they are uniquely focused for combat.</Description>
  <Source>Edge of the Empire Core Rulebook</Source>
  <Custom>DescOnly</Custom>
  <CareerSkills>
    <Key>DISC</Key>
    <Key>GUNN</Key>
    <Key>LEAD</Key>
    <Key>RANGHVY</Key>
  </CareerSkills>
  <TalentRows>
    <TalentRow>
      <Cost>5</Cost>
      <Talents>
        <Key>COM</Key>
        <Key>SECWIND</Key>
        <Key>POINTBL</Key>
        <Key>SIDESTEP</Key>
      </Talents>
      <Directions>
        <Direction>
          <Down>true</Down>
        </Direction>
        <Direction>
          <Down>true</Down>
        </Direction>
        <Direction>
          <Down>true</Down>
        </Direction>
        <Direction>
          <Down>true</Down>
        </Direction>
      </Directions>
    </TalentRow>
    <TalentRow>
      <Index>1</Index>
      <Cost>10</Cost>
      <Talents>
        <Key>SECWIND</Key>
        <Key>CONF</Key>
        <Key>STRONG</Key>
        <Key>POINTBL</Key>
      </Talents>
      <Directions>
        <Direction>
          <Right>true</Right>
          <Up>true</Up>
          <Down>true</Down>
        </Direction>
        <Direction>
          <Left>true</Left>
          <Up>true</Up>
          <Down>true</Down>
        </Direction>
        <Direction>
          <Right>true</Right>
          <Up>true</Up>
          <Down>true</Down>
        </Direction>
        <Direction>
          <Left>true</Left>
          <Up>true</Up>
        </Direction>
      </Directions>
    </TalentRow>
    <TalentRow>
      <Index>2</Index>
      <Cost>15</Cost>
      <Talents>
        <Key>FLDCOMM</Key>
        <Key>COM</Key>
        <Key>NATMAR</Key>
        <Key>SNIPSHOT</Key>
      </Talents>
      <Directions>
        <Direction>
          <Right>true</Right>
          <Up>true</Up>
          <Down>true</Down>
        </Direction>
        <Direction>
          <Left>true</Left>
          <Right>true</Right>
          <Up>true</Up>
          <Down>true</Down>
        </Direction>
        <Direction>
          <Left>true</Left>
          <Right>true</Right>
          <Up>true</Up>
          <Down>true</Down>
        </Direction>
        <Direction>
          <Left>true</Left>
          <Down>true</Down>
        </Direction>
      </Directions>
    </TalentRow>
    <TalentRow>
      <Index>3</Index>
      <Cost>20</Cost>
      <Talents>
        <Key>FLDCOMMIMP</Key>
        <Key>GRIT</Key>
        <Key>TOUGH</Key>
        <Key>LETHALBL</Key>
      </Talents>
      <Directions>
        <Direction>
          <Up>true</Up>
        </Direction>
        <Direction>
          <Up>true</Up>
          <Down>true</Down>
        </Direction>
        <Direction>
          <Right>true</Right>
          <Up>true</Up>
        </Direction>
        <Direction>
          <Left>true</Left>
          <Up>true</Up>
          <Down>true</Down>
        </Direction>
      </Directions>
    </TalentRow>
    <TalentRow>
      <Index>4</Index>
      <Cost>25</Cost>
      <Talents>
        <Key>DEADACC</Key>
        <Key>TRUEAIM</Key>
        <Key>DEDI</Key>
        <Key>TRUEAIM</Key>
      </Talents>
      <Directions>
        <Direction>
          <Right>true</Right>
        </Direction>
        <Direction>
          <Left>true</Left>
          <Right>true</Right>
          <Up>true</Up>
        </Direction>
        <Direction>
          <Left>true</Left>
          <Right>true</Right>
        </Direction>
        <Direction>
          <Left>true</Left>
          <Up>true</Up>
        </Direction>
      </Directions>
    </TalentRow>
  </TalentRows>
</Specialization>