<?xml version="1.0"?>
<Specialization xmlns:xsi="http://www.w3.org/2001/XMLSchema-instance" xmlns:xsd="http://www.w3.org/2001/XMLSchema">
  <Key>SHADOW</Key>
  <Name>Shadow</Name>
  <Description>[H4]Shadow[h4]

In the ancient days of the Jedi Order, Sentinels worked tirelessly to police the galaxy's criminal underbelly. However, a small subset of these enforcers focused their attentions on a far greater and more dangerous threat. They trained tirelessly to find and eliminate those who had fallen to the dark side of the Force and willingly embraced corruption These Sentinels were called Shadows, and they hunted the Sith. 

[P]For many years, the Sith were thought destroyed, and the Jedi Shadows gave up their calling or pursued other dark side Force users. They never realized that the Sith had not been eliminated, and were hiding right under their noses. 

[P]Now, with the Jedi Order destroyed and a Dark Lord of the Sith ruling the Galactic Empire, those who would follow the path of the Shadow find their roles reversed. No longer the secret investigators of an established order who searched the shadows of civilization, they are now the ones who must stay hidden. However, within these dark corners. Shadows still work tirelessly to bring justice to untouchable criminals and dark side Force users alike. 

[P]Shadows acquire [B]Knowledge (Underworld), Skulduggery, Stealth,[b] and [B]Streetwise[b] as additional career skills. If this is the character's starting specialization, he may choose two of these skills and gain one free rank in each, without spending starting experience. These characters recognize that stealth and deception are integral to finding the targets they hunt. Criminal organizations are often mired in secrecy. and uncovering these secrets requires underhanded methods. While their techniques are frequently of questionable moral character. Shadows firmly believe their ultimate accomplishments more than justify the tools that they must use. 

[P]Of course, an initiate who has turned to the dark side can prove a powerful opponent for a Shadow. Working against such an adversary can require all of an adept's mundane and Force talents. A Shadow's willingness to examine and utilize every tool and asset can play a major factor in overcoming such capable foes. </Description>
  <Source>Force and Destiny Core Rulebook</Source>
  <Custom>DescOnly</Custom>
  <CareerSkills>
    <Key>SKUL</Key>
    <Key>STEAL</Key>
    <Key>SW</Key>
    <Key>UND</Key>
  </CareerSkills>
  <TalentRows>
    <TalentRow>
      <Cost>5</Cost>
      <Talents>
        <Key>SLEIGHTMIND</Key>
        <Key>STRSMART</Key>
        <Key>COD</Key>
        <Key>INDIS</Key>
      </Talents>
      <Directions>
        <Direction>
          <Down>true</Down>
        </Direction>
        <Direction>
          <Down>true</Down>
        </Direction>
        <Direction>
          <Down>true</Down>
        </Direction>
        <Direction />
      </Directions>
    </TalentRow>
    <TalentRow>
      <Cost>10</Cost>
      <Talents>
        <Key>WELLROUND</Key>
        <Key>MENTFOR</Key>
        <Key>GRIT</Key>
        <Key>INDIS</Key>
      </Talents>
      <Directions>
        <Direction>
          <Up>true</Up>
          <Down>true</Down>
        </Direction>
        <Direction>
          <Up>true</Up>
          <Down>true</Down>
        </Direction>
        <Direction>
          <Right>true</Right>
          <Up>true</Up>
          <Down>true</Down>
        </Direction>
        <Direction>
          <Left>true</Left>
        </Direction>
      </Directions>
    </TalentRow>
    <TalentRow>
      <Cost>15</Cost>
      <Talents>
        <Key>SHROUD</Key>
        <Key>DODGE</Key>
        <Key>SLEIGHTMIND</Key>
        <Key>GRIT</Key>
      </Talents>
      <Directions>
        <Direction>
          <Up>true</Up>
        </Direction>
        <Direction>
          <Right>true</Right>
          <Up>true</Up>
          <Down>true</Down>
        </Direction>
        <Direction>
          <Left>true</Left>
          <Up>true</Up>
          <Down>true</Down>
        </Direction>
        <Direction>
          <Down>true</Down>
        </Direction>
      </Directions>
    </TalentRow>
    <TalentRow>
      <Cost>20</Cost>
      <Talents>
        <Key>SLIPMIND</Key>
        <Key>COD</Key>
        <Key>NOWYOUSEE</Key>
        <Key>DODGE</Key>
      </Talents>
      <Directions>
        <Direction>
          <Right>true</Right>
        </Direction>
        <Direction>
          <Left>true</Left>
          <Right>true</Right>
          <Up>true</Up>
          <Down>true</Down>
        </Direction>
        <Direction>
          <Left>true</Left>
          <Right>true</Right>
          <Up>true</Up>
          <Down>true</Down>
        </Direction>
        <Direction>
          <Left>true</Left>
          <Up>true</Up>
        </Direction>
      </Directions>
    </TalentRow>
    <TalentRow>
      <Cost>25</Cost>
      <Talents>
        <Key>FORCERAT</Key>
        <Key>ANAT</Key>
        <Key>MASSHAD</Key>
        <Key>DEDI</Key>
      </Talents>
      <Directions>
        <Direction>
          <Right>true</Right>
        </Direction>
        <Direction>
          <Left>true</Left>
          <Up>true</Up>
        </Direction>
        <Direction>
          <Right>true</Right>
          <Up>true</Up>
        </Direction>
        <Direction>
          <Left>true</Left>
        </Direction>
      </Directions>
    </TalentRow>
  </TalentRows>
</Specialization>