<?xml version="1.0"?>
<Specialization xmlns:xsi="http://www.w3.org/2001/XMLSchema-instance" xmlns:xsd="http://www.w3.org/2001/XMLSchema">
  <Key>THIEF</Key>
  <Name>Thief</Name>
  <Description>[H4]Thief - A Galaxy of Treasures[h4]
Where the Scoundrel is a bit flashier, and the Pilot focuses on mastering his ship, the Thief really is a covert operative. His ideal circumstance is to get into places blocked to others, grab things he's not supposed to have, and get out without anyone ever knowing he was there. If he can sell what he grabbed for a tidy sum, that makes for a perfect day. 

[P]Thieves gain the additional career skills [B]Computers, Skulduggery, Stealth,[b] and [B]Vigilance[b]. If this is the character's starting Specialization, he may choose two of these skills and gain one free rank in each, without spending starting experience. Combined with his talents, a Thief is particularly adept at hiding, spotting the hidden, getting past locks and security, and getting the jump on opponents in combat. He also knows his way around the underworld and where to get what's needed. 

[P]Generally, Thieves tend to either operate with a group that shares in their larcenous goals, or they work alone. The galaxy is full of treasures, many of which are guarded by locks and goons. A Thief will gladly handle the locks, though he'll probably appreciate having some backup to handle the goons if things go badly. Then again, if he's truly good at what he does, that shouldn't happen. Some Thieves gain a strong enough reputation that they are offered contract opportunities by powerful people or groups. seeking to accomplish something against an opponent that is far beyond the realms of legal action. Of course, Thieves must always be on the lookout for a double-cross. 

[P]As a part of a Player Character team, a Thief may not even identify himself by his specialization, preferring to display skills and abilities that are more generically appropriate to his career as a Smuggler. Frankly, most Smugglers have at least some skill in the areas that he is masterful with, so he might never have to reveal much more than that. Still, having a master Thief on a team may mean getting into—and out of—some seriously difficult places in the future.</Description>
  <Source>Edge of the Empire Core Rulebook</Source>
  <Custom>DescOnly</Custom>
  <CareerSkills>
    <Key>COMP</Key>
    <Key>SKUL</Key>
    <Key>STEAL</Key>
    <Key>VIGIL</Key>
  </CareerSkills>
  <TalentRows>
    <TalentRow>
      <Cost>5</Cost>
      <Talents>
        <Key>STRSMART</Key>
        <Key>BLA</Key>
        <Key>INDIS</Key>
        <Key>BYP</Key>
      </Talents>
      <Directions>
        <Direction>
          <Down>true</Down>
        </Direction>
        <Direction />
        <Direction />
        <Direction>
          <Down>true</Down>
        </Direction>
      </Directions>
    </TalentRow>
    <TalentRow>
      <Index>1</Index>
      <Cost>10</Cost>
      <Talents>
        <Key>BLA</Key>
        <Key>DODGE</Key>
        <Key>GRIT</Key>
        <Key>HIDD</Key>
      </Talents>
      <Directions>
        <Direction>
          <Right>true</Right>
          <Up>true</Up>
          <Down>true</Down>
        </Direction>
        <Direction>
          <Left>true</Left>
          <Right>true</Right>
          <Down>true</Down>
        </Direction>
        <Direction>
          <Left>true</Left>
          <Right>true</Right>
          <Down>true</Down>
        </Direction>
        <Direction>
          <Left>true</Left>
          <Up>true</Up>
          <Down>true</Down>
        </Direction>
      </Directions>
    </TalentRow>
    <TalentRow>
      <Index>2</Index>
      <Cost>15</Cost>
      <Talents>
        <Key>STALK</Key>
        <Key>GRIT</Key>
        <Key>RAPREA</Key>
        <Key>SHORTCUT</Key>
      </Talents>
      <Directions>
        <Direction>
          <Right>true</Right>
          <Up>true</Up>
          <Down>true</Down>
        </Direction>
        <Direction>
          <Left>true</Left>
          <Right>true</Right>
          <Up>true</Up>
          <Down>true</Down>
        </Direction>
        <Direction>
          <Left>true</Left>
          <Right>true</Right>
          <Up>true</Up>
          <Down>true</Down>
        </Direction>
        <Direction>
          <Left>true</Left>
          <Up>true</Up>
          <Down>true</Down>
        </Direction>
      </Directions>
    </TalentRow>
    <TalentRow>
      <Index>3</Index>
      <Cost>20</Cost>
      <Talents>
        <Key>BYP</Key>
        <Key>NATROG</Key>
        <Key>STRSMART</Key>
        <Key>JUMP</Key>
      </Talents>
      <Directions>
        <Direction>
          <Up>true</Up>
          <Down>true</Down>
        </Direction>
        <Direction>
          <Right>true</Right>
          <Up>true</Up>
          <Down>true</Down>
        </Direction>
        <Direction>
          <Right>true</Right>
          <Up>true</Up>
          <Down>true</Down>
        </Direction>
        <Direction>
          <Left>true</Left>
          <Up>true</Up>
          <Down>true</Down>
        </Direction>
      </Directions>
    </TalentRow>
    <TalentRow>
      <Index>4</Index>
      <Cost>25</Cost>
      <Talents>
        <Key>MASSHAD</Key>
        <Key>DODGE</Key>
        <Key>INDIS</Key>
        <Key>DEDI</Key>
      </Talents>
      <Directions>
        <Direction>
          <Up>true</Up>
        </Direction>
        <Direction>
          <Right>true</Right>
          <Up>true</Up>
        </Direction>
        <Direction>
          <Left>true</Left>
          <Up>true</Up>
        </Direction>
        <Direction>
          <Up>true</Up>
        </Direction>
      </Directions>
    </TalentRow>
  </TalentRows>
</Specialization>