<?xml version="1.0"?>
<Species xmlns:xsi="http://www.w3.org/2001/XMLSchema-instance" xmlns:xsd="http://www.w3.org/2001/XMLSchema">
  <Key>ANX</Key>
  <Name>Anx</Name>
  <Description>
    [H4]Anx[h4]
The reptillian Anx of Gravlex Med loom over most other sentient species, despite their natural hunched posture. Given this, together with their deep, rumbling voices and the color-changing crests atop their heads, there is no mistaking an Anx anywhere in the galaxy.
[P][B]Physiology:[b] Anx are native to a high-gravity world; their dense musctulature, stooped posture, and heavy balance of their tails all reflect this to even a casual observer. However, the species can often reach four meters in height, sespite these restrictions. Their great height allowed the Anx to easily harvest the bounty of their homeworld's chiliox trees when they emerged from their subterranean habitat.
[P]Becuase the Anx evolved within the cave systems of their homeworld, their voices have a natural low-frequency echo that, while useful for communicating across vast distances underground, tends to make other species deeply uncomfortable. The Anx in turn are frequently discomforted by how other species have learned to read the color changes of the large crest atop their head as an indicator of their mood, a quirk of their communal lives in their native herd-based social structure.
[P][B]Society:[b]Anx society began as an extension of their natural herd structure and even modern Anx tend to be fiercely devoted to their families and clans. Their internal clan structure is rooted in a mix of extended family bonds and political alliances, and can be difficult for outsiders to decipher. These complex ties are easily grasped by the Anx themselves, as their society developed its complexities long before encountering other species.
[P]The Anx developed space travel independently from galactic society. They have had a long and proud history of interstallar exploration and colonization, using both the ancient Gravlex Launchworks and more modern hyperdrive engines. The species is sometimes viewed as excessively curious, but this might also stem from their confidence that they can handle most things the galaxy is capable of throwing at them. Between their massive stature and strength, and a curious ability to intuit the weak spots in the  anatomy of other species, the Anx have historically dealt with every challenge they have faced with relative ease.
[P]Unfortunately, recent events have finally confronted the Anx with a threath they cannot easily defeat. After the rise of the Empire, Imperial authorities seized the Launchworks in order to study the technology for potential weapons applications. The  Imperials have poluted the planet with the hazardous refuse of their experiments and have placed garrisons without regard to the territorial claims of the Anx clans. Many Anx have begun migrating offworld, fearful of what the Imperials might do to their world next,
[P]The Anx's reputation for courage and bold action is being tested as the Empire tightens its grip. Anx society lacks the resources to challenge the Empire on its own, especially with Imperial attention already upon its homeworld. It may be that the long legacy of the Anx could become fractured by an exodus from Gravlex Med in coming times, or even that the species' proud traditions disappear entirely. Some Anx have turned to the Rebel Alliance in the hop of reversing their planet's decline, while others look to their ancient practices of colonization as inspiration for a new start among the stars.
[P][B]Homeworld:[b] The high-gravity world of Gravlex Med, found within the Outer Rim system of the same name, has an extensive cave system throughout its crust—the onetime home of the Anx species. Some Anx still dwell in the caves beneath the surface, although many have moved to cities above ground, such as their captial of Ozlyn Gox.
[P]The planet's terrain is mountainous, the wide reaches between the ranges housing vast savannahs teeming with chiliox trees and other vegetation. However, contamination from the Imperial occupation of the planet's Launchworks has ravaged the ecological balance of the savannahs, and much of th native flora and fauna have begun to die out.
[P][B]Language:[b] Even when Anx are speaking Basic, the low rumble of their voice can cause unpleasant sensations deep in the bones of other species. When the native Anx language is spoken—a feat impossible for any other species—outsiders tend to experience intense discomfort, and so the Anx tongue is rarely spoken outside of Gravlex Med. In the right conditions, the Anx can make themselves heard from kilometers away, whether across a network of caves or in the open air of the savannahs.
[P][B]Perception of the Force:[b] Force sensitivity is not especially common among the Anx, but neither is it unheard of. In the era of the Republic, Anx were known to have serced in the Jedi Order, some rose to be respected Masters. Their grasp of anotomy made Anx Jedi capable as both healers and duelists, while their durable frames and fearless attitudes saw them willing to intervene in dangerous places to put these talents to good use. The prowess of Anx Jedi inspired great respect, verging on awe, when they took to the field in the Clone Wars. Unfortunately, those days have passed. Since the fall of the Jedi, Force-sensititve Anx have learned to be cautious about revealing their talents, especially given the extensive Imperial interest in their species' holdings.</Description>
  <Source Page="18">Savage Spirits</Source>
  <Custom>DescOnly</Custom>
  <StartingChars>
    <Brawn>3</Brawn>
    <Agility>1</Agility>
    <Intellect>2</Intellect>
    <Cunning>2</Cunning>
    <Willpower>2</Willpower>
    <Presence>2</Presence>
  </StartingChars>
  <StartingAttrs>
    <WoundThreshold>13</WoundThreshold>
    <StrainThreshold>10</StrainThreshold>
    <Experience>85</Experience>
  </StartingAttrs>
  <TalentModifiers>
    <TalentModifier>
      <Key>KILL</Key>
      <RankAdd>1</RankAdd>
    </TalentModifier>
    <TalentModifier>
      <Key>LETHALBL</Key>
      <RankAdd>1</RankAdd>
    </TalentModifier>
  </TalentModifiers>
  <OptionChoices>
    <OptionChoice>
      <Key>ANXOC1</Key>
      <Name>Skill Checks</Name>
      <Options>
        <Option>
          <Key>ANXOC1OP1</Key>
          <Name>Mood Indicator</Name>
          <Description>If an Anx's head-crest is not covered, the character upgrades the difficulty of Deception checks once.</Description>
        </Option>
      </Options>
    </OptionChoice>
  </OptionChoices>
</Species>