<?xml version="1.0"?>
<ForcePower xmlns:xsi="http://www.w3.org/2001/XMLSchema-instance" xmlns:xsd="http://www.w3.org/2001/XMLSchema">
  <Key>ENHANCE</Key>
  <Name>Enhance</Name>
  <Description>
    [H4]Force Power: Enhance[h4]

One of the most straightforward ways in which Force users utilize the power of the Force is to imbue their own bodies with energy and strength. Making leaps that might otherwise be deemed impossible, moving at high speeds, and harnessing physical strength
well beyond the capacity of most sentient beings are all equally viable. In this way, the Force becomes an almost literal fuel for feats of endurance and power. Most Force users find it a relatively simple thing to use the Force in order to overcome their own physical limitations and shrug off the effects of fatigue. With a little practice, most Force users are able to expand the arenas in which they can use the Force beyond that of mere brute strength. They are able to concentrate the Force into assisting them with acts of dexterity and acrobatics.</Description>
  <Sources>
    <Source>Age of Rebellion Core Rulebook</Source>
    <Source>Force and Destiny Core Rulebook</Source>
  </Sources>
  <Custom>DescOnly</Custom>
  <AbilityRows>
    <AbilityRow>
      <Abilities>
        <Key>ENHANCEBASIC</Key>
        <Key>ENHANCEBASIC</Key>
        <Key>ENHANCEBASIC</Key>
        <Key>ENHANCEBASIC</Key>
      </Abilities>
      <Directions>
        <Direction>
          <Down>true</Down>
        </Direction>
        <Direction>
          <Down>true</Down>
        </Direction>
        <Direction>
          <Down>true</Down>
        </Direction>
        <Direction>
          <Down>true</Down>
        </Direction>
      </Directions>
      <AbilitySpan>
        <Span>4</Span>
        <Span>0</Span>
        <Span>0</Span>
        <Span>0</Span>
      </AbilitySpan>
      <Costs>
        <Cost>10</Cost>
        <Cost>0</Cost>
        <Cost>0</Cost>
        <Cost>0</Cost>
      </Costs>
    </AbilityRow>
    <AbilityRow>
      <Index>1</Index>
      <Abilities>
        <Key>ENHANCECONT1</Key>
        <Key>ENHANCECONT2</Key>
        <Key>ENHANCECONT3</Key>
        <Key>ENHANCECONT3</Key>
      </Abilities>
      <Directions>
        <Direction>
          <Up>true</Up>
          <Down>true</Down>
        </Direction>
        <Direction>
          <Up>true</Up>
          <Down>true</Down>
        </Direction>
        <Direction>
          <Up>true</Up>
          <Down>true</Down>
        </Direction>
        <Direction>
          <Up>true</Up>
          <Down>true</Down>
        </Direction>
      </Directions>
      <AbilitySpan>
        <Span>1</Span>
        <Span>1</Span>
        <Span>2</Span>
        <Span>0</Span>
      </AbilitySpan>
      <Costs>
        <Cost>5</Cost>
        <Cost>5</Cost>
        <Cost>10</Cost>
        <Cost>0</Cost>
      </Costs>
    </AbilityRow>
    <AbilityRow>
      <Index>2</Index>
      <Abilities>
        <Key>ENHANCECONT4</Key>
        <Key>ENHANCECONT5</Key>
        <Key>ENHANCECONT6</Key>
        <Key>ENHANCECONT6</Key>
      </Abilities>
      <Directions>
        <Direction>
          <Up>true</Up>
          <Down>true</Down>
        </Direction>
        <Direction>
          <Up>true</Up>
          <Down>true</Down>
        </Direction>
        <Direction />
        <Direction>
          <Up>true</Up>
          <Down>true</Down>
        </Direction>
      </Directions>
      <AbilitySpan>
        <Span>1</Span>
        <Span>1</Span>
        <Span>2</Span>
        <Span>0</Span>
      </AbilitySpan>
      <Costs>
        <Cost>5</Cost>
        <Cost>5</Cost>
        <Cost>10</Cost>
        <Cost>0</Cost>
      </Costs>
    </AbilityRow>
    <AbilityRow>
      <Index>3</Index>
      <Abilities>
        <Key>ENHANCECONT7</Key>
        <Key>ENHANCECONT8</Key>
        <Key>ENHANCECONT8</Key>
        <Key>ENHANCERANGE</Key>
      </Abilities>
      <Directions>
        <Direction>
          <Up>true</Up>
          <Down>true</Down>
        </Direction>
        <Direction>
          <Up>true</Up>
        </Direction>
        <Direction />
        <Direction>
          <Up>true</Up>
          <Down>true</Down>
        </Direction>
      </Directions>
      <AbilitySpan>
        <Span>1</Span>
        <Span>2</Span>
        <Span>0</Span>
        <Span>1</Span>
      </AbilitySpan>
      <Costs>
        <Cost>5</Cost>
        <Cost>10</Cost>
        <Cost>0</Cost>
        <Cost>10</Cost>
      </Costs>
    </AbilityRow>
    <AbilityRow>
      <Index>4</Index>
      <Abilities>
        <Key>ENHANCECONT9</Key>
        <Key>ENHANCECONT9</Key>
        <Key>ENHANCECONT0</Key>
        <Key>ENHANCECONT0</Key>
      </Abilities>
      <Directions>
        <Direction>
          <Up>true</Up>
        </Direction>
        <Direction />
        <Direction />
        <Direction>
          <Up>true</Up>
        </Direction>
      </Directions>
      <AbilitySpan>
        <Span>2</Span>
        <Span>0</Span>
        <Span>2</Span>
        <Span>0</Span>
      </AbilitySpan>
      <Costs>
        <Cost>10</Cost>
        <Cost>0</Cost>
        <Cost>10</Cost>
        <Cost>0</Cost>
      </Costs>
    </AbilityRow>
  </AbilityRows>
</ForcePower>