<?xml version="1.0"?>
<Species xmlns:xsi="http://www.w3.org/2001/XMLSchema-instance" xmlns:xsd="http://www.w3.org/2001/XMLSchema">
  <Key>GAND</Key>
  <Name>Gand</Name>
  <Description>[H4]Gand[h4]
Gands are a mysterious insectoid species whose "findsmen" treat tracking quarry as a religious duty. They are exceptionally good at divining the location of individuals through ritualistic methods that off-worlders might consider backward and barbaric.

[P][B]Physiology:[b] Though prevalent in the fringes of the Outer Rim, Gands remain a puzzle to xenobiologists. Over a dozen distinct subspecies of the Gands have been reported. All are covered in a dense chitinous exoskeleton and reach a height at adulthood of about 1.6 meters. They have three fingers on each hand, which are as dextrous as those of other humanoids, allowing them to manipulate equipment designed for five-fingered individuals.

[P]Where Gands subspecies differ from one another is in their respiratory biology. Most Gands who travel the spacelanes do not seem to need to breathe at all. The digestion of food in their stomachs produces the ammo-nia necessary for their biochemistry. Wasteful byproducts and extraneous ammonia are expelled through their exo-skeletons. These Gands often emanate an unpleasant methane musk. Other Gand subspecies possess actual lungs and cannot produce ammonia through digestion, instead requiring a special breathing apparatus.

[P]Questions about Gand biology continue to go unanswered, since the Gand refuse to permit other species to study them. Some xenobiologists conjecture that Gand religious rituals dictate genetic manipulation, which has produced many different varieties of Gands.

[P][B]Society:[b] Gands have a closed culture. What is known about them is that religion and life are closely entwined. A gathering of elders called the Ruetsavii observes the various religious sects that represent the virtues of Gand life. Off-worlders are most familiar with the religious sect known as the "findsmen." These are the Gand who leave their home planet on ritualistic hunts to catch prey and bring divine blessings to their people. Many other sects are rumored to exist, particularly in the fields of genetics, medicine, and engineering, but their exact natures are unknown.

[P][B]Homeworld:[b] Sharing the same name as its species, Gand is an Outer Rim world clouded in ammonia and methane. Trade is handled through orbiting stations as foreigners are rarely allowed on the planet's surface. Those non-Gand who land on the world must stay in the specially equipped Alien Quarters.

[P][B]Language:[b] Droids fare much better than well-trained humanoid linguists in reproducing the clicks and chirrups of the Gand spoken language. Without the need to intake breathable gases, most Gand lack the vocal cords to make the sounds of Basic and other languages. They must use droids or translation devices to converse in groups that do not understand their language.

[P]The grammar that Gand use reflects their place in society. Before a Gand earns his identity and is accepted among his peers, he refers to himself in the third person, calling himself "Gand." Once he has done a deed of distinction, a Gand may take his family name. Gand cannot use their first names until they have become "persons of greatness"—janwuine in their own tongue—and received commendations from their peers. This causes many off-worlders to view the Gand as a people of extreme humility. </Description>
  <Source>Edge of the Empire Core Rulebook</Source>
  <Custom>DescOnly</Custom>
  <StartingChars>
    <Brawn>2</Brawn>
    <Agility>2</Agility>
    <Intellect>2</Intellect>
    <Cunning>2</Cunning>
    <Willpower>3</Willpower>
    <Presence>1</Presence>
  </StartingChars>
  <StartingAttrs>
    <WoundThreshold>10</WoundThreshold>
    <StrainThreshold>10</StrainThreshold>
    <Experience>100</Experience>
  </StartingAttrs>
  <SkillModifiers>
    <SkillModifier>
      <Key>DISC</Key>
      <RankStart>1</RankStart>
      <RankLimit>2</RankLimit>
    </SkillModifier>
  </SkillModifiers>
  <OptionChoices>
    <OptionChoice>
      <Key>GANDAB</Key>
      <Name>Breathing</Name>
      <Options>
        <Option>
          <Key>GANDABLUNG</Key>
          <Name>Has Lungs</Name>
          <Description>Requires ammonia respirator</Description>
          <StartingAttributes>
            <Experience>10</Experience>
          </StartingAttributes>
        </Option>
        <Option>
          <Key>GANDABNOLUNG</Key>
          <Name>Lungless</Name>
          <Description>Immune to suffocation</Description>
        </Option>
      </Options>
    </OptionChoice>
  </OptionChoices>
</Species>