<?xml version="1.0"?>
<Species xmlns:xsi="http://www.w3.org/2001/XMLSchema-instance" xmlns:xsd="http://www.w3.org/2001/XMLSchema">
  <Key>KLATOO</Key>
  <Name>Klatooinian</Name>
  <Description>[H4]Klatooinian[h4]

Klatooinians are heavily built humanoids, roughly the height of the average human, descended from canine ancestors on the planet Klatooine. Renowned for their loyalty and devotion, Klatooinians have lived under contracted servitude to the Hutts for more than 25,000 years. First recruited to help defeat Xim the Despot, a galactic overlord vying for control with the Hutts, the Klatooinians signed a "temporary" pact of servitude that is still considered valid by both the Klatooinians and the Hutts today. 

[P]Understanding the Klatooinians' fixation with time is essential in order to understand the deeper underpinnings of their culture. Most of their mythology revolves around all-powerful patron-beings known as the Ancients. Tenacity and perseverance are among their most prized cultural traits, and they particularly revere elders of any race. When the Hutts first approached the Klatooinians with a request for assistance against Xim, many on the planet Klatooine came to believe that the Hutts were the Ancients, and that signing a pact of servitude to them was tantamount to agreeing to serve the gods.

[P]The Hutts have dominated Klatooinian culture ever since, with the full blessings of most of the species. A Council of Elders determines Klatooinian affairs, but all offworld relations are in the hands of the Hutts. Klatooinian education is also completely under Hutt control. This has nearly eradicated all early Klatooinian culture and language. As civil war spreads through the Empire, however, some Klatooinians find the courage to break away from the Hutts and strike out on their own. 

[P][B]Physiology:[b] With thick-set humanoid bodies and heavy, dog-like faces, the fierce appearance of the Klatooinians easily matches their ferocity in combat. The coloration of their flesh ranges from brown to a vaguely green tone, and males and females of the species display few outward differences. Klatooinians often reach nearly two meters in height. Their faces are dominated by heavy brows, blunt noses, and thick, prominent jowls. Klatooinians also possess strong, agile hands, giving them heightened manual dexterity. 

[P][B]Society:[b] Klatooinian society emphasizes loyalty and devotion over everything else while revolving around their near-worship of the concepts of time and age. The planet Klatooine is ruled by a Council of Elders. These members of the species are chosen for their age and experience, as well as how well they are able to articulate their understanding of Klatooinian mythology and culture in a series of ceremonial debates. The Council rules from a palace situated near the Fountain of the Ancients, located in the Derelkoos Desert. 

[P]Klatooinian education focuses on written and spoken Huttese, Klatooinian history, and legends that feature Klatooinian species-wide dedication to the Hutts. When a Klatooinian reaches adulthood it is delivered into slavery, at which point its future occupation is decided and more practical training begins. Before eventually being given a position or responsibility, the Klatooinian slave is usually granted more extensive training by his master for specific duties. 

[P][B]Homeworld:[b] The planet Klatooine is an arid world composed primarily of deserts and vast, sweeping grasslands, located in the Si'klaata Cluster at the galactic northern extreme of Hutt Space. 

[P]The primary feature of the planet is the Fountain of the Ancients, considered a holy site by all Klatooinians and the seat of secular and religious power. The Fountain is a fissure in the planet's crust that releases liquid wintrium into the dry atmosphere. Wintrium solidifies upon contact with the air and appears like water frozen in mid-flow, continually hardening with age to the point of near indestructibility. After many thousands of years, the Fountain of the Ancients has grown to be a wondrous sight—sprays and waves of liquid frozen in midair.

[P][B]Language:[b] Klatooinians exclusively speak Huttese on their homeworld, their own language having been purged from their formal education, even on Klatooine. Klatooinians encountered off-planet most likely speak and write Huttese and Basic. Klatooinian scholars or diplomats speak additional languages as needed.</Description>
  <Source>Dangerous Covenants</Source>
  <Custom>DescOnly</Custom>
  <StartingChars>
    <Brawn>2</Brawn>
    <Agility>3</Agility>
    <Intellect>2</Intellect>
    <Cunning>2</Cunning>
    <Willpower>1</Willpower>
    <Presence>2</Presence>
  </StartingChars>
  <StartingAttrs>
    <WoundThreshold>10</WoundThreshold>
    <StrainThreshold>10</StrainThreshold>
    <Experience>100</Experience>
  </StartingAttrs>
  <OptionChoices>
    <OptionChoice>
      <Key>KLATOC1</Key>
      <Name>Skill</Name>
      <Options>
        <Option>
          <Key>KLATOC1OP1</Key>
          <Name>Additional Non-Career Skill</Name>
          <Description>
            Klatooninians start the game with one additional rank of one non careet skill of his choice.
          </Description>
          <StartingSkillTraining>
            <SkillTraining>
              <SkillCount>1</SkillCount>
              <Requirement>
                <NonCareer>true</NonCareer>
              </Requirement>
            </SkillTraining>
          </StartingSkillTraining>
        </Option>
      </Options>
    </OptionChoice>
    <OptionChoice>
      <Key>KLATOC2</Key>
      <Name>Skills</Name>
      <Options>
        <Option>
          <Key>KLATOC2OP1</Key>
          <Name>One Rank in Brawl</Name>
          <Description>Klatooninians may begin the game with one rank in Brawl.</Description>
          <SkillModifiers>
            <SkillModifier>
              <Key>BRAWL</Key>
              <RankStart>1</RankStart>
            </SkillModifier>
          </SkillModifiers>
        </Option>
        <Option>
          <Key>KLATOC2OP2</Key>
          <Name>One Rank in Ranged-Heavy</Name>
          <Description>Klatooninians may begin the game with one rank in Ranged-Heavy.</Description>
          <SkillModifiers>
            <SkillModifier>
              <Key>RANGHVY</Key>
              <RankStart>1</RankStart>
            </SkillModifier>
          </SkillModifiers>
        </Option>
        <Option>
          <Key>KLATOC2OP3</Key>
          <Name>One Rank in Ranged-Light</Name>
          <Description>Klatooninians may begin the game with one rank in Ranged-Light.</Description>
          <SkillModifiers>
            <SkillModifier>
              <Key>RANGLT</Key>
              <RankStart>1</RankStart>
            </SkillModifier>
          </SkillModifiers>
        </Option>
      </Options>
    </OptionChoice>
  </OptionChoices>
</Species>