<?xml version="1.0"?>
<SigAbility xmlns:xsi="http://www.w3.org/2001/XMLSchema-instance" xmlns:xsd="http://www.w3.org/2001/XMLSchema">
  <Key>INVENTIVECREATION</Key>
  <Name>Inventive Creation</Name>
  <Description>On the fringes of the galaxy, technical self-reliance often means the difference between life and death. While Technicians in the Core Worlds might not need to be able to whip up functional devices out of fragmented scraps and frayed wires, someone in the Outer Rim rarely has the luxury of pristine tools, sufficient equpment, or even basic supplies. But necessity, they say, is the mother of invention. Outer Rim Technicians often display incredible resourcefulness, scrapping together complex devices from mundane materials.
  </Description>
  <Source Page="39">Special Modifications</Source>
  <Custom>DescOnly</Custom>
  <AbilityRows>
    <AbilityRow>
      <Abilities>
        <Key>INVENTIVECREATIONBASIC</Key>
        <Key>INVENTIVECREATIONBASIC</Key>
        <Key>INVENTIVECREATIONBASIC</Key>
        <Key>INVENTIVECREATIONBASIC</Key>
      </Abilities>
      <Directions>
        <Direction />
        <Direction>
          <Down>true</Down>
        </Direction>
        <Direction />
        <Direction>
          <Down>true</Down>
        </Direction>
      </Directions>
      <AbilitySpan>
        <Span>4</Span>
        <Span>0</Span>
        <Span>0</Span>
        <Span>0</Span>
      </AbilitySpan>
      <Costs>
        <Cost>30</Cost>
        <Cost>0</Cost>
        <Cost>0</Cost>
        <Cost>0</Cost>
      </Costs>
    </AbilityRow>
    <AbilityRow>
      <Abilities>
        <Key>INVENTIVECREATIONSETBACK</Key>
        <Key>INVENTIVECREATIONRARITY</Key>
        <Key>INVENTIVECREATIONSETBACK</Key>
        <Key>INVENTIVECREATIONRARITY</Key>
      </Abilities>
      <Directions>
        <Direction>
          <Right>true</Right>
          <Down>true</Down>
        </Direction>
        <Direction>
          <Left>true</Left>
          <Up>true</Up>
        </Direction>
        <Direction>
          <Right>true</Right>
          <Down>true</Down>
        </Direction>
        <Direction>
          <Left>true</Left>
          <Up>true</Up>
        </Direction>
      </Directions>
      <AbilitySpan>
        <Span>1</Span>
        <Span>1</Span>
        <Span>1</Span>
        <Span>1</Span>
      </AbilitySpan>
      <Costs>
        <Cost>10</Cost>
        <Cost>10</Cost>
        <Cost>10</Cost>
        <Cost>10</Cost>
      </Costs>
    </AbilityRow>
    <AbilityRow>
      <Abilities>
        <Key>INVENTIVECREATIONDIFF</Key>
        <Key>INVENTIVECREATIONRARITY</Key>
        <Key>INVENTIVECREATIONDESTINY</Key>
        <Key>INVENTIVECREATIONSCALE</Key>
      </Abilities>
      <Directions>
        <Direction>
          <Right>true</Right>
          <Up>true</Up>
        </Direction>
        <Direction>
          <Left>true</Left>
          <Right>true</Right>
        </Direction>
        <Direction>
          <Left>true</Left>
          <Right>true</Right>
          <Up>true</Up>
        </Direction>
        <Direction>
          <Left>true</Left>
        </Direction>
      </Directions>
      <AbilitySpan>
        <Span>1</Span>
        <Span>1</Span>
        <Span>1</Span>
        <Span>1</Span>
      </AbilitySpan>
      <Costs>
        <Cost>15</Cost>
        <Cost>15</Cost>
        <Cost>15</Cost>
        <Cost>15</Cost>
      </Costs>
    </AbilityRow>
  </AbilityRows>
  <Careers>
    <Key>TECHNICIAN</Key>
  </Careers>
  <MatchingNodes>
    <Node>false</Node>
    <Node>true</Node>
    <Node>true</Node>
    <Node>false</Node>
  </MatchingNodes>
</SigAbility>