<?xml version="1.0"?>
<Vehicle xmlns:xsi="http://www.w3.org/2001/XMLSchema-instance" xmlns:xsd="http://www.w3.org/2001/XMLSchema">
  <Key>G9RIGGER</Key>
  <Name>G9 Rigger Light Freighter</Name>
  <Description>
    [H3]G9 Rigger Light Freighter[h3]

Already considered an antique at the outset of the Clone Wars, Corellian Engineering Corporation's C9 Rigger-class light freighter is a rare sight in the modern spacelanes. A small, unremarkable craft, the G9 has a blocky, double-decked hull which resembles a speeder truck more than a starship. A single long, thin wing extends from the starboard side of the ship, and a short folding stabilizer is mounted to the vessel's ventral side. The forward third of the vessel contains the flight deck, engineering deck, and crew quarters on two spartan decks. The rest of the ship is given over to a single large cargo hold accessed by a large aft-loading ramp. 

[P]Designed as a utilitarian, short-to-medium-range hauler, the Rigger-class has little in the way of amenities and only the most basic of defensive systems. Armament consists of dorsal auto-blasters and two light blaster cannons. Shields are a simple low-output Novaldex system, and the ship's armor is basic carbon-durasteel. Little thought was given to speed or handling, and while these ships aren't dangerously slow or sluggish, they are not high-performance by any stretch of the imagination. What they lack in frills and comfort, however, these little ships more than make up for in reliability, sturdiness, and ease of repair. In fact, so well-built are these ancient freighters that many are still operating, and operating quite well, with much of their original equipement.</Description>
  <Source>Force and Destiny Core Rulebook</Source>
  <Custom>DescOnly</Custom>
  <Type>Light Freighter</Type>
  <Categories>
    <Category>Starship</Category>
    <Category>Non-Fighter Starship</Category>
  </Categories>
  <HP>4</HP>
  <Price>55000</Price>
  <Rarity>5</Rarity>
  <HyperdrivePrimary>3</HyperdrivePrimary>
  <NaviComputer>true</NaviComputer>
  <Crew>One pilot, one co-pilot</Crew>
  <EncumbranceCapacity>80</EncumbranceCapacity>
  <Passengers>6</Passengers>
  <Consumables>One month</Consumables>
  <Silhouette>4</Silhouette>
  <Speed>2</Speed>
  <Handling>-2</Handling>
  <DefFore>1</DefFore>
  <DefAft>1</DefAft>
  <Armor>2</Armor>
  <HullTrauma>22</HullTrauma>
  <SystemStrain>15</SystemStrain>
  <Starship>true</Starship>
  <VehicleWeapons>
    <VehicleWeapon>
      <FiringArcs>
        <Fore>true</Fore>
        <Dorsal>true</Dorsal>
      </FiringArcs>
      <Location>Dorsal</Location>
      <Key>AUTOBLAST</Key>
    </VehicleWeapon>
    <VehicleWeapon>
      <FiringArcs>
        <Fore>true</Fore>
        <Aft>true</Aft>
        <Starboard>true</Starboard>
      </FiringArcs>
      <Turret>true</Turret>
      <Location>Outrigger</Location>
      <Key>BLASTCANLT</Key>
    </VehicleWeapon>
    <VehicleWeapon>
      <FiringArcs>
        <Fore>true</Fore>
      </FiringArcs>
      <Location>VentralWing</Location>
      <Key>BLASTCANLT</Key>
    </VehicleWeapon>
  </VehicleWeapons>
  <SensorRange>Close</SensorRange>
</Vehicle>