<?xml version="1.0"?>
<Vehicle xmlns:xsi="http://www.w3.org/2001/XMLSchema-instance" xmlns:xsd="http://www.w3.org/2001/XMLSchema">
  <Key>GALLIS48ROLLER</Key>
  <Name>Gallis-Tech 48 Roller</Name>
  <Description>
    [H3]Gallis-Tech 48 Roller[h3]

Gallis-Tech's 48 Roller is a one-person wheel bike, a contraption where the pilot rides within a single, large wheel. Gallis-Tech decided to power its wheel bike with a pair of jet engines. This gives the Roller an impressive speed but makes it even harder to control. Skilled operators can steer the Roller by simply leaning in the direction they want to turn. Unskilled drivers. on the other hand, quickly find themselves smeared across the landscape. The Roller is often lound on frontier planets on the Outer Rim, where. unsurprisingly. it's most popular among a civilization's youth.</Description>
  <Source>Force and Destiny Core Rulebook</Source>
  <Custom>DescOnly</Custom>
  <Type>Wheel Bike</Type>
  <Categories>
    <Category>Land Vehicle</Category>
    <Category>Wheeled Vehicle</Category>
  </Categories>
  <Price>750</Price>
  <Rarity>5</Rarity>
  <Crew>One pilot</Crew>
  <EncumbranceCapacity>5</EncumbranceCapacity>
  <Silhouette>2</Silhouette>
  <Speed>3</Speed>
  <Handling>-2</Handling>
  <HullTrauma>3</HullTrauma>
  <SystemStrain>3</SystemStrain>
  <SinglePilot>true</SinglePilot>
  <SensorRange>Close</SensorRange>
</Vehicle>