<?xml version="1.0"?>
<Vehicle xmlns:xsi="http://www.w3.org/2001/XMLSchema-instance" xmlns:xsd="http://www.w3.org/2001/XMLSchema">
  <Key>HH87STARHOPPER</Key>
  <Name>HH-87 Starhopper Starfighter</Name>
  <Description>[H3]HH-87 Starhopper Starfighter[h3]

A long-range, multipurpose starfighter introduced shortly before the Clone Wars, the HH-87 is popular among the Hutt crime families for its durability and versatility. Well-armored for a ship its size, the starhopper is a tough, capable snubfighter. Equipped with a pair of twin laser cannons and able to operate equally well in space or atmosphere, the fighter is suited for several roles. from patrolling the skies above Nal Hutta and Nar Shaddaa to hunting down debtors and other fugitives from Hutt "justice."</Description>
  <Source>Lords of Nal Hutta</Source>
  <Custom>DescOnly</Custom>
  <Type>Starfighter</Type>
  <Categories>
    <Category>Starship</Category>
  </Categories>
  <HP>2</HP>
  <Price>50000</Price>
  <Rarity>4</Rarity>
  <HyperdrivePrimary>1</HyperdrivePrimary>
  <NaviComputer>true</NaviComputer>
  <Crew>One pilot</Crew>
  <EncumbranceCapacity>6</EncumbranceCapacity>
  <Consumables>Two days</Consumables>
  <Silhouette>3</Silhouette>
  <Speed>4</Speed>
  <Handling>1</Handling>
  <DefFore>1</DefFore>
  <Armor>4</Armor>
  <HullTrauma>10</HullTrauma>
  <SystemStrain>8</SystemStrain>
  <Starship>true</Starship>
  <SinglePilot>true</SinglePilot>
  <VehicleWeapons>
    <VehicleWeapon>
      <FiringArcs>
        <Fore>true</Fore>
      </FiringArcs>
      <Location>Forward</Location>
      <Qualities>
        <Quality>
          <Key>LINKED</Key>
          <Count>1</Count>
        </Quality>
      </Qualities>
      <Key>LASERLT</Key>
    </VehicleWeapon>
  </VehicleWeapons>
  <SensorRange>Close</SensorRange>
</Vehicle>