<?xml version="1.0"?>
<Vehicle xmlns:xsi="http://www.w3.org/2001/XMLSchema-instance" xmlns:xsd="http://www.w3.org/2001/XMLSchema">
  <Key>HLAF500</Key>
  <Name>HLAF-500 Starfighter</Name>
  <Description>
    [H3]HLAF-500 Starfighter[h3]

A modified and upgraded version of the LAF-250 starfighter, the Heavy/Light Attack Fighter 500 boasts a number of significant improvements over its predecessor. Built on the same frame as the LAF-250, the HLAF-500 has powerful SoroSuub 9X2 fusial thrust engines that give the craft better performance, acceleration, and handling. To increase the starfighter's offensive capabilities, additional weapons hardpoints were added, allowing the HLAF-500 to be equipped with proton torpedo launchers.</Description>
  <Source>Suns of Fortune</Source>
  <Custom>DescOnly</Custom>
  <Type>Starfighter</Type>
  <Categories>
    <Category>Starship</Category>
  </Categories>
  <HP>1</HP>
  <Price>70000</Price>
  <Rarity>5</Rarity>
  <HyperdrivePrimary>2</HyperdrivePrimary>
  <NaviComputer>true</NaviComputer>
  <Crew>One pilot</Crew>
  <EncumbranceCapacity>6</EncumbranceCapacity>
  <Consumables>Two days</Consumables>
  <Silhouette>3</Silhouette>
  <Speed>4</Speed>
  <Handling>1</Handling>
  <DefFore>1</DefFore>
  <DefAft>1</DefAft>
  <Armor>2</Armor>
  <HullTrauma>8</HullTrauma>
  <SystemStrain>8</SystemStrain>
  <Starship>true</Starship>
  <SinglePilot>true</SinglePilot>
  <VehicleWeapons>
    <VehicleWeapon>
      <FiringArcs>
        <Fore>true</Fore>
      </FiringArcs>
      <Location>Forward</Location>
      <Qualities>
        <Quality>
          <Key>LINKED</Key>
          <Count>1</Count>
        </Quality>
      </Qualities>
      <Key>LASERLT</Key>
    </VehicleWeapon>
    <VehicleWeapon>
      <FiringArcs>
        <Fore>true</Fore>
      </FiringArcs>
      <Location>Forward</Location>
      <Qualities>
        <Quality>
          <Key>LIMITEDAMMO</Key>
          <Count>4</Count>
        </Quality>
        <Quality>
          <Key>LINKED</Key>
          <Count>1</Count>
        </Quality>
      </Qualities>
      <Key>PTL</Key>
    </VehicleWeapon>
  </VehicleWeapons>
  <SensorRange>Close</SensorRange>
</Vehicle>