<?xml version="1.0"?>
<Vehicle xmlns:xsi="http://www.w3.org/2001/XMLSchema-instance" xmlns:xsd="http://www.w3.org/2001/XMLSchema">
  <Key>KELDABE</Key>
  <Name>Keldabe-class Battleship</Name>
  <Description>
    [H3]Keldabe-class Battleship[h3]

The Keldabe-class battleship became known for its construction and deployment by the criminal Zann Consortium, after they stole the design from Mandal-Motors. A modern and effective warship, the Keldabe is a handful for any contemporary capital ship, including an Imperial Star Destroyer. The Keldabe also carries an unusual device that allows it to drain and use the power from an enemy's shields. It reroutes the energy into the ship's own formidable weapons. Though effective, the technology is also very expensive, and the Consortium's reach is limited.</Description>
  <Source>Dangerous Covenants</Source>
  <Custom>DescOnly</Custom>
  <Type>Battleship</Type>
  <Categories>
    <Category>Capital Ship</Category>
    <Category>Starship</Category>
  </Categories>
  <HP>4</HP>
  <Price>2000000</Price>
  <Rarity>8</Rarity>
  <Restricted>true</Restricted>
  <HyperdrivePrimary>2</HyperdrivePrimary>
  <HyperdriveBackup>10</HyperdriveBackup>
  <StarFighters>36 starfighters</StarFighters>
  <NaviComputer>true</NaviComputer>
  <Crew>6000 crew</Crew>
  <EncumbranceCapacity>8000</EncumbranceCapacity>
  <Passengers>1000</Passengers>
  <Consumables>2 years</Consumables>
  <Silhouette>7</Silhouette>
  <Speed>3</Speed>
  <Handling>-1</Handling>
  <DefFore>2</DefFore>
  <DefAft>2</DefAft>
  <DefPort>2</DefPort>
  <DefStarboard>2</DefStarboard>
  <Armor>8</Armor>
  <HullTrauma>100</HullTrauma>
  <SystemStrain>60</SystemStrain>
  <Starship>true</Starship>
  <Massive>1</Massive>
  <VehicleWeapons>
    <VehicleWeapon>
      <FiringArcs>
        <Dorsal>true</Dorsal>
      </FiringArcs>
      <Turret>true</Turret>
      <Location>Dorsal</Location>
      <Key>TURBOHVY</Key>
      <Count>5</Count>
    </VehicleWeapon>
    <VehicleWeapon>
      <FiringArcs>
        <Port>true</Port>
      </FiringArcs>
      <Location>Port</Location>
      <Key>TURBOHVY</Key>
      <Count>10</Count>
    </VehicleWeapon>
    <VehicleWeapon>
      <FiringArcs>
        <Starboard>true</Starboard>
      </FiringArcs>
      <Location>Starboard</Location>
      <Key>TURBOHVY</Key>
      <Count>10</Count>
    </VehicleWeapon>
    <VehicleWeapon>
      <FiringArcs>
        <Ventral>true</Ventral>
      </FiringArcs>
      <Turret>true</Turret>
      <Location>Ventral</Location>
      <Key>IONHVY</Key>
      <Count>5</Count>
    </VehicleWeapon>
    <VehicleWeapon>
      <FiringArcs>
        <Port>true</Port>
      </FiringArcs>
      <Location>Port</Location>
      <Key>IONHVY</Key>
      <Count>5</Count>
    </VehicleWeapon>
    <VehicleWeapon>
      <FiringArcs>
        <Starboard>true</Starboard>
      </FiringArcs>
      <Location>Starboard</Location>
      <Key>IONHVY</Key>
      <Count>5</Count>
    </VehicleWeapon>
    <VehicleWeapon>
      <FiringArcs>
        <Fore>true</Fore>
      </FiringArcs>
      <Location>Forward</Location>
      <Key>TRACTHVY</Key>
      <Count>5</Count>
    </VehicleWeapon>
    <VehicleWeapon>
      <FiringArcs>
        <Fore>true</Fore>
      </FiringArcs>
      <Key>MASSDRIVMSL</Key>
      <Count>2</Count>
    </VehicleWeapon>
  </VehicleWeapons>
  <SensorRange>Close</SensorRange>
</Vehicle>