<?xml version="1.0"?>
<Vehicle xmlns:xsi="http://www.w3.org/2001/XMLSchema-instance" xmlns:xsd="http://www.w3.org/2001/XMLSchema">
  <Key>MC-2CMMNDSPDR</Key>
  <Name>MC-2 Moble Command Speeder</Name>
  <Description>
    [H3]MC-2 Moble Command Speeder[h3]

The Overwatch mobile command speeder is an armored command airspeeder used to direct battlefield and clandestine operations from afar or in the thick of the fighting. The speeder carries a compact array of sensors and communications gear for its primary mission, plus weapons primarily designed for self-defense at a distance. 
[P]Mekuun markets the speeder to paramilitary groups, mercenaries, planetary defense forces and large law enforcement groups. Given the speeder's focus on communication, coordination and battlefield analysis, it is rarely used by pirates or criminal organizations. It has remained in the hands of the intended recipients far better than other military systems. Mercenaries in particular like the combination of mobility and coordination. 

[P]The Overwatch is the size of a medium-sized speeder truck and carries its own crew beyond the command staff. A single speeder can control up to several divisions, but is also suitable for tactical operations and supporting surgical strikes. The command staff works in a self-contained, armored compartment filled with tactical viewscreens, comm stations, and holographic battle trackers. Though not technically a stealth vehicle, the Overwatch is typically painted in camouflage patterns suitable for the expected environment, or a mottled grey.</Description>
  <Source>Dangerous Covenants</Source>
  <Custom>DescOnly</Custom>
  <Type>Airspeeder</Type>
  <Categories>
    <Category>Air Vehicle</Category>
  </Categories>
  <HP>2</HP>
  <Price>80000</Price>
  <Rarity>6</Rarity>
  <MaxAltitude>200 km</MaxAltitude>
  <Crew>One pilot, one gunner, two communications techs, two sensor techs, one tactical officer, one commander</Crew>
  <EncumbranceCapacity>4</EncumbranceCapacity>
  <Passengers>2</Passengers>
  <Silhouette>3</Silhouette>
  <Speed>2</Speed>
  <Handling>-2</Handling>
  <Armor>3</Armor>
  <HullTrauma>15</HullTrauma>
  <SystemStrain>12</SystemStrain>
  <VehicleWeapons>
    <VehicleWeapon>
      <FiringArcs />
      <Turret>true</Turret>
      <Key>MINCONCLNCH</Key>
    </VehicleWeapon>
    <VehicleWeapon>
      <FiringArcs />
      <Turret>true</Turret>
      <Key>LASERLT</Key>
    </VehicleWeapon>
  </VehicleWeapons>
  <SensorRange>Close</SensorRange>
</Vehicle>