<?xml version="1.0"?>
<Vehicle xmlns:xsi="http://www.w3.org/2001/XMLSchema-instance" xmlns:xsd="http://www.w3.org/2001/XMLSchema">
  <Key>PRAETIIBATT</Key>
  <Name>Praetor II-Class Star Battlecruiser</Name>
  <Description>
    [H3]Praetor II-Class Star Battlecruiser[h3]

One of the largest classes of ships commissioned in the Imperial Navy, the Praetor II-class battlecruiser is second only to the rare Executor-class Super Star Destroyer in size, mass, and destructive potential. Like all Star Destroyer-type warships, the Praetor II has a long, thin, arrowhead-shaped hull covered in bone-colored armor plating and bristling with all manner of turbolaser turrets, laser cannons, ion cannons, and anti-fighter weapon systems. Nearly five times as long as an Imperial II-class vessel, these massive ships are typically assigned as command vessels for sector fleets, rarely leaving their berths except in times of dire need or in the case of a full-fleet engagement somewhere within their sphere of influence. While they share many design queues with the other ships in the Star Destroyer line, Praetors lack the towering bridge and sensor superstructure found on the lighter Imperial and Victory-class ships. Instead, they have a broad, heavily armored bunker-like ridge that runs along the dorsal surface from amidships aft and extends over the stern. Most of the crew live and work in this area, as the rest of the ship is given over to machine spaces, control systems, and the other necessary engineering areas. 

[P]While the Praetor ll battlecruisers have their weaknesses, it's incredibly difficult to leverage knowledge of them into any kind of victory. These vessels never travel alone; they are constantly tended to by battlegroups composed of a number of different vessel classes and surrounded by a thick cloud of vigilant TIE fighters. Their long range armament makes them difficult to reach, as they can hull an enemy heavy cruiser or battle ship well before the enemy can reach the Imperial forces. Those few Rebel fleets that have tangled with a Praetor have discovered that destroying one of these vessels is easier done through boarding or sabotage while it's docked as opposed to facing its planet-crushing firepower head-to-head.</Description>
  <Source>Age of Rebellion Core Rulebook</Source>
  <Custom>DescOnly</Custom>
  <Type>Star Battlecruiser</Type>
  <Categories>
    <Category>Capital Ship</Category>
    <Category>Non-Fighter Starship</Category>
    <Category>Starship</Category>
  </Categories>
  <HP>1</HP>
  <Price>700000000</Price>
  <Rarity>9</Rarity>
  <Restricted>true</Restricted>
  <HyperdrivePrimary>2</HyperdrivePrimary>
  <HyperdriveBackup>16</HyperdriveBackup>
  <StarFighters>120 starfighters</StarFighters>
  <NaviComputer>true</NaviComputer>
  <Crew>109,000 officers, pilots, and enlisted</Crew>
  <EncumbranceCapacity>10000</EncumbranceCapacity>
  <Passengers>14000</Passengers>
  <Consumables>Three years</Consumables>
  <Silhouette>9</Silhouette>
  <Speed>2</Speed>
  <Handling>-3</Handling>
  <DefFore>3</DefFore>
  <DefAft>3</DefAft>
  <DefPort>3</DefPort>
  <DefStarboard>3</DefStarboard>
  <Armor>11</Armor>
  <HullTrauma>185</HullTrauma>
  <SystemStrain>95</SystemStrain>
  <Starship>true</Starship>
  <Massive>3</Massive>
  <VehicleWeapons>
    <VehicleWeapon>
      <FiringArcs>
        <Fore>true</Fore>
        <Port>true</Port>
      </FiringArcs>
      <Turret>true</Turret>
      <Location>Port</Location>
      <Qualities>
        <Quality>
          <Key>LINKED</Key>
          <Count>3</Count>
        </Quality>
      </Qualities>
      <Key>TURBOHVY</Key>
      <Count>30</Count>
    </VehicleWeapon>
    <VehicleWeapon>
      <FiringArcs>
        <Fore>true</Fore>
        <Starboard>true</Starboard>
      </FiringArcs>
      <Turret>true</Turret>
      <Location>Starboard</Location>
      <Qualities>
        <Quality>
          <Key>LINKED</Key>
          <Count>3</Count>
        </Quality>
      </Qualities>
      <Key>TURBOHVY</Key>
      <Count>30</Count>
    </VehicleWeapon>
    <VehicleWeapon>
      <FiringArcs>
        <Fore>true</Fore>
        <Aft>true</Aft>
        <Port>true</Port>
        <Starboard>true</Starboard>
        <Dorsal>true</Dorsal>
        <Ventral>true</Ventral>
      </FiringArcs>
      <Turret>true</Turret>
      <Location>Dorsal</Location>
      <Qualities>
        <Quality>
          <Key>LINKED</Key>
          <Count>1</Count>
        </Quality>
      </Qualities>
      <Key>TURBOMED</Key>
      <Count>20</Count>
    </VehicleWeapon>
    <VehicleWeapon>
      <FiringArcs>
        <Fore>true</Fore>
        <Aft>true</Aft>
        <Port>true</Port>
        <Starboard>true</Starboard>
        <Dorsal>true</Dorsal>
        <Ventral>true</Ventral>
      </FiringArcs>
      <Turret>true</Turret>
      <Location>Ventral</Location>
      <Qualities>
        <Quality>
          <Key>LINKED</Key>
          <Count>1</Count>
        </Quality>
      </Qualities>
      <Key>TURBOMED</Key>
      <Count>20</Count>
    </VehicleWeapon>
    <VehicleWeapon>
      <FiringArcs>
        <Fore>true</Fore>
      </FiringArcs>
      <Location>Forward</Location>
      <Qualities>
        <Quality>
          <Key>LINKED</Key>
          <Count>1</Count>
        </Quality>
      </Qualities>
      <Key>IONBATT</Key>
      <Count>10</Count>
    </VehicleWeapon>
    <VehicleWeapon>
      <FiringArcs>
        <Fore>true</Fore>
        <Port>true</Port>
      </FiringArcs>
      <Turret>true</Turret>
      <Location>Port</Location>
      <Qualities>
        <Quality>
          <Key>LINKED</Key>
          <Count>1</Count>
        </Quality>
      </Qualities>
      <Key>IONBATT</Key>
      <Count>15</Count>
    </VehicleWeapon>
    <VehicleWeapon>
      <FiringArcs>
        <Fore>true</Fore>
        <Starboard>true</Starboard>
      </FiringArcs>
      <Turret>true</Turret>
      <Location>Starboard</Location>
      <Qualities>
        <Quality>
          <Key>LINKED</Key>
          <Count>1</Count>
        </Quality>
      </Qualities>
      <Key>IONBATT</Key>
      <Count>15</Count>
    </VehicleWeapon>
    <VehicleWeapon>
      <FiringArcs>
        <Fore>true</Fore>
        <Aft>true</Aft>
        <Port>true</Port>
        <Starboard>true</Starboard>
        <Dorsal>true</Dorsal>
        <Ventral>true</Ventral>
      </FiringArcs>
      <Location>Hull</Location>
      <Key>TRACTHVY</Key>
      <Count>10</Count>
    </VehicleWeapon>
  </VehicleWeapons>
  <SensorRange>Close</SensorRange>
</Vehicle>