<?xml version="1.0"?>
<SigAbilityNodes xmlns:xsi="http://www.w3.org/2001/XMLSchema-instance" xmlns:xsd="http://www.w3.org/2001/XMLSchema">
  <SigAbilityNode>
    <Key>INSIGHTFULBASIC</Key>
    <Name>Insightful Revelation Basic Ability</Name>
    <Description>Once per game session, the character may perform an Insightful Revelation action and spend 2 Destiny points to make a [B]Hard ([DI][DI][DI]) Knowledge (Education) check[b]. If he succeeds, he learns some valuable information that he did not previously possess pertaining to his current situation. What he learns is up to the GM. but it must be valuable to the player overcoming his immediate encounter or situation, and the information cannot be obtainable by any other immediately available means. </Description>
    <Source>Far Horizons</Source>
    <Custom>DescOnly</Custom>
    <SigAbility>Insighful Revelation</SigAbility>
  </SigAbilityNode>
  <SigAbilityNode>
    <Key>INSIGHTFULSETBACK</Key>
    <Name>Reduce Setback</Name>
    <Description>Remove [SE] from skill check to activate Insightful Revelation.</Description>
    <Source>Far Horizons</Source>
    <Custom>DescOnly</Custom>
    <SigAbility>Insightful Revelation</SigAbility>
  </SigAbilityNode>
  <SigAbilityNode>
    <Key>INSIGHTFULADDBOOST</Key>
    <Name>Add Boost</Name>
    <Description>Add [BO] to skill check to activate Insightful Revelation. </Description>
    <Source>Far Horizons</Source>
    <Custom>DescOnly</Custom>
    <SigAbility>Insightful Revelation</SigAbility>
  </SigAbilityNode>
  <SigAbilityNode>
    <Key>INSIGHTFULREDDIFF</Key>
    <Name>Reduce Difficulty</Name>
    <Description>Reduce the difficulty of the skill check to activate Insightful Revelation to [B]Average ([DI][DI])[b].</Description>
    <Source>Far Horizons</Source>
    <Custom>DescOnly</Custom>
    <SigAbility>Insightful Revelation</SigAbility>
  </SigAbilityNode>
  <SigAbilityNode>
    <Key>INSIGHTFULADDSKILL</Key>
    <Name>Additional Skills</Name>
    <Description>When making the Insightful Revelation action, the character may replace Knowledge (Education) with any other Knowledge skill.</Description>
    <Source>Far Horizons</Source>
    <Custom>DescOnly</Custom>
    <SigAbility>Insightful Revelations</SigAbility>
  </SigAbilityNode>
  <SigAbilityNode>
    <Key>INSIGHTFULINCEFF</Key>
    <Name>Increase Effect</Name>
    <Description>If the check is successful, the character may spend [TR] to gain one additional piece of equally useful information. </Description>
    <Source>Far Horizons</Source>
    <Custom>DescOnly</Custom>
    <SigAbility>Insightful Revelation</SigAbility>
  </SigAbilityNode>
  <SigAbilityNode>
    <Key>INSIGHTFULDURATION</Key>
    <Name>Duration</Name>
    <Description>The character may perform the Insightful Revelation action one additional time per game session.</Description>
    <Source>Far Horizons</Source>
    <Custom>DescOnly</Custom>
    <SigAbility>Insightful Revelation</SigAbility>
  </SigAbilityNode>
  <SigAbilityNode>
    <Key>INSIGHTFULDESTINY</Key>
    <Name>Destiny</Name>
    <Description>Insightful Revelation costs 1 Destiny Point instead of 2.</Description>
    <Source>Far Horizons</Source>
    <Custom>DescOnly</Custom>
    <SigAbility>Insightful Revelation</SigAbility>
  </SigAbilityNode>
  <SigAbilityNode>
    <Key>UNMATCHEXPERT</Key>
    <Name>Unmatched Expertise Basic Ability</Name>
    <Description>Once per game session as an action, the character may spend two Destiny Points to reduce the difficulty of all career skill checks he makes by one to a minimum of Easy for the remainder of the encounter.</Description>
    <Source>Far Horizons</Source>
    <Custom>DescOnly</Custom>
    <SigAbility>Unmatched Expertise</SigAbility>
  </SigAbilityNode>
  <SigAbilityNode>
    <Key>UNMATCHEXPERTREDSETBK</Key>
    <Name>Reduce Setback</Name>
    <Description>Remove [SE] from career skill checks made while Unmatched Expertise is activated. </Description>
    <Source>Far Horizons</Source>
    <Custom>DescOnly</Custom>
    <SigAbility>Unmatched Expertise</SigAbility>
  </SigAbilityNode>
  <SigAbilityNode>
    <Key>UNMATCHEXPERTACT</Key>
    <Name>Activation</Name>
    <Description>Activate Unmatched Expertise as a maneuver instead of as an action.</Description>
    <Source>Far Horizons</Source>
    <Custom>DescOnly</Custom>
    <SigAbility>Unmatched Expertise</SigAbility>
  </SigAbilityNode>
  <SigAbilityNode>
    <Key>UNMATCHEXPERTACT2</Key>
    <Name>Activation</Name>
    <Description>Activate Unmatched Expertise as an incidental that may be triggered out of turn instead of as an action.</Description>
    <Source>Far Horizons</Source>
    <Custom>DescOnly</Custom>
    <SigAbility>Unmatched Expertise</SigAbility>
  </SigAbilityNode>
  <SigAbilityNode>
    <Key>UNMATCHEXPERTREDDIFF</Key>
    <Name>Reduce Difficulty</Name>
    <Description>Reduce the difficulty of career skill checks by 2 instead of 1.</Description>
    <Source>Far Horizons</Source>
    <Custom>DescOnly</Custom>
    <SigAbility>Unmatched Expertise</SigAbility>
  </SigAbilityNode>
  <SigAbilityNode>
    <Key>UNMATCHEXPERTSUPRED</Key>
    <Name>Superior Reduction</Name>
    <Description>Once per session while Unmatched Expertise is activated, may reduce the difficulty of one non-career skill.</Description>
    <Source>Far Horizons</Source>
    <Custom>DescOnly</Custom>
    <SigAbility>Unmatched Expertise</SigAbility>
  </SigAbilityNode>
  <SigAbilityNode>
    <Key>UNMATCHEXPDESTINY</Key>
    <Name>Destiny</Name>
    <Description>Unmatched Expertise costs 1 Destiny Point to activate instead of 2.</Description>
    <Source>Far Horizons</Source>
    <Custom>DescOnly</Custom>
    <SigAbility>Unmatched Expertise</SigAbility>
  </SigAbilityNode>
  <SigAbilityNode>
    <Key>UNMATCHEXPERTREDDIFF2</Key>
    <Name>Reduce Difficulty</Name>
    <Description>The difficulty of all career skill checks is reduced to a minimum of Simple instead of Easy.</Description>
    <Source>Far Horizons</Source>
    <Custom>DescOnly</Custom>
    <SigAbility>Unmatched Expertise</SigAbility>
  </SigAbilityNode>
  <SigAbilityNode>
    <Key>LOSBASIC</Key>
    <Name>Last One Standing Basic Ability</Name>
    <Description>Once per game session during a combat encounter, the character may spend 2 Destiny Points to make a [B]Hard ([DI][DI][DI]) Resilience check[b]. If he succeeds, he skips his next turn and eliminates all enemy minions in the encounter. (The minions are all eliminated immediately, so will not get to participate further in the combat, but for the sake of the narrative, the PC can spend the next round of combat incapacitating them). The narrative means by which he accomplishes this is up to the player character, but should be suitably exciting, and must also be approved by the GM.</Description>
    <Source>Dangerous Covenants</Source>
    <Custom>DescOnly</Custom>
    <SigAbility>Last One Standing</SigAbility>
  </SigAbilityNode>
  <SigAbilityNode>
    <Key>LOSREDUCESETBACK</Key>
    <Name>Reduce Setback</Name>
    <Description>Remove [SE] from skill check to activate Last One Standing.</Description>
    <Source>Dangerous Covenants</Source>
    <Custom>DescOnly</Custom>
    <SigAbility>Last One Standing</SigAbility>
  </SigAbilityNode>
  <SigAbilityNode>
    <Key>LOSADDBOOST</Key>
    <Name>Add Boost</Name>
    <Description>Add [BO]to skill check to activate Last One Standing.</Description>
    <Source>Dangerous Covenants</Source>
    <Custom>DescOnly</Custom>
    <SigAbility>Last One Standing</SigAbility>
  </SigAbilityNode>
  <SigAbilityNode>
    <Key>LOSREDUCEDIFF</Key>
    <Name>Reduce Difficulty</Name>
    <Description>Reduce the difficulty of the skill check to activate Last One Standing to [B]Average ([DI][DI])[b].</Description>
    <Source>Dangerous Covenants</Source>
    <Custom>DescOnly</Custom>
    <SigAbility>Last One Standing</SigAbility>
  </SigAbilityNode>
  <SigAbilityNode>
    <Key>LOSINCREASEEFFECT</Key>
    <Name>Increase Effect</Name>
    <Description>When triggering Last One Standing, eliminate one rival per increase effect upgrade in addition to the minions.</Description>
    <Source>Dangerous Covenants</Source>
    <Custom>DescOnly</Custom>
    <SigAbility>Last One Standing</SigAbility>
  </SigAbilityNode>
  <SigAbilityNode>
    <Key>LOSDEST</Key>
    <Name>Destiny</Name>
    <Description>Last One Standing costs 1 Destiny Point instead of 2.</Description>
    <Source>Dangerous Covenants</Source>
    <Custom>DescOnly</Custom>
    <SigAbility>Last One Standing</SigAbility>
  </SigAbilityNode>
  <SigAbilityNode>
    <Key>UNPROTBASIC</Key>
    <Name>Unmatched Protection Basic Ability</Name>
    <Description>Once per game session as an incidental, the character may spend 2 Destiny Points to gain the following ability: once per round, after suffering a hit and determining damage, the character may halve the damage (rounded up) dealt before it is applied to his soak. This ability is active for the remainder of the current round and two additional rounds. </Description>
    <Source>Dangerous Covenants</Source>
    <Custom>DescOnly</Custom>
    <SigAbility>Unmatched Protection</SigAbility>
  </SigAbilityNode>
  <SigAbilityNode>
    <Key>UNPROTDURATION</Key>
    <Name>Duration</Name>
    <Description>Unmatched Protection lasts for one additional round.</Description>
    <Source>Dangerous Covenants</Source>
    <Custom>DescOnly</Custom>
    <SigAbility>Unmatched Protection</SigAbility>
  </SigAbilityNode>
  <SigAbilityNode>
    <Key>UNPROTSOAK</Key>
    <Name>Soak</Name>
    <Description>Gain +1 soak while Unmatched Protection is active.</Description>
    <Source>Dangerous Covenants</Source>
    <Custom>DescOnly</Custom>
    <SigAbility>Unmatched Protection</SigAbility>
  </SigAbilityNode>
  <SigAbilityNode>
    <Key>UNPROTALLY</Key>
    <Name>Protect Ally</Name>
    <Description>Once per session while Unmatched Protection is active, when an engaged ally is hit by an attack, may choose to be hit by that attack instead.</Description>
    <Source>Dangerous Covenants</Source>
    <Custom>DescOnly</Custom>
    <SigAbility>Unmatched Protection</SigAbility>
  </SigAbilityNode>
  <SigAbilityNode>
    <Key>UNPROTADDRED</Key>
    <Name>Additional Reduction</Name>
    <Description>May reduce the damage of 1 additional hit suffered each round. </Description>
    <Source>Dangerous Covenants</Source>
    <Custom>DescOnly</Custom>
    <SigAbility>Unmatched Protection</SigAbility>
  </SigAbilityNode>
  <SigAbilityNode>
    <Key>UNPROTDEST</Key>
    <Name>Destiny</Name>
    <Description>Unmatched Protection costs 1 Destiny Point instead of 2. </Description>
    <Source>Dangerous Covenants</Source>
    <Custom>DescOnly</Custom>
    <SigAbility>Unmatched Protection</SigAbility>
  </SigAbilityNode>
  <SigAbilityNode>
    <Key>NARROWESCAPEBASE</Key>
    <Name>Narrow Escape Base Ability</Name>
    <Description>Once per game session, the character may spend two Destiny Points to make a [B]Hard ([DI][DI][DI]) Streetwise check[b]. If successful, the character is immediately able to flee from the current personal-scale combat encounter unscathed. The challenge is not overcome or defeated, but the character is able to evade the hazard or threat for the time being. The exact nature of what the character is trying to accomplish, as well as the end results, must be approved by the GM (see [B]Narrative Abilities[b] on page 38), but should be suitably creative or daring.</Description>
    <Source>Fly Casual</Source>
    <Custom>DescOnly</Custom>
    <SigAbility>Narrow Escape</SigAbility>
  </SigAbilityNode>
  <SigAbilityNode>
    <Key>REDUCESBNE</Key>
    <Name>Reduce Setback</Name>
    <Description>Remove [SE] from the Skill check to activate Narrow Escape. </Description>
    <Source>Fly Casual</Source>
    <Custom>DescOnly</Custom>
    <SigAbility>Narrow Escape</SigAbility>
  </SigAbilityNode>
  <SigAbilityNode>
    <Key>INCREASEEFFNE</Key>
    <Name>Increase Effect</Name>
    <Description>Affect an additional number of allied characters equal to Cunning per Increase Effect upgrade purchased.</Description>
    <Source>Fly Casual</Source>
    <Custom>DescOnly</Custom>
    <SigAbility>Narrow Escape</SigAbility>
  </SigAbilityNode>
  <SigAbilityNode>
    <Key>ADDBOOSTNE</Key>
    <Name>Add Boost</Name>
    <Description>Add [BO] to the skill check to activate Narrow Escape.</Description>
    <Source>Fly Casual</Source>
    <Custom>DescOnly</Custom>
    <SigAbility>Narrow Escape</SigAbility>
  </SigAbilityNode>
  <SigAbilityNode>
    <Key>CHANGESCALENE</Key>
    <Name>Change Scale</Name>
    <Description>Narrow Escape can be activated in a vehicle with the Piloting (Planetary) or Piloting (Space) skill.</Description>
    <Source>Fly Casual</Source>
    <Custom>DescOnly</Custom>
    <SigAbility>Narrow Escape</SigAbility>
  </SigAbilityNode>
  <SigAbilityNode>
    <Key>REDUCEDIFFNE</Key>
    <Name>Reduce Difficulty</Name>
    <Description>Reduce the difficulty of the skill check to activate Narrow Escape to [B]Average ([DI][DI])[b].</Description>
    <Source>Fly Casual</Source>
    <Custom>DescOnly</Custom>
    <SigAbility>Narrow Escape</SigAbility>
  </SigAbilityNode>
  <SigAbilityNode>
    <Key>CHANGESKILLNE</Key>
    <Name>Change Skill</Name>
    <Description>Narrow Escape can be activated during social encounters with the Deception skill.</Description>
    <Source>Fly Casual</Source>
    <Custom>DescOnly</Custom>
    <SigAbility>Narrow Escape</SigAbility>
  </SigAbilityNode>
  <SigAbilityNode>
    <Key>DESTINYNE</Key>
    <Name>Destiny</Name>
    <Description>Narrow Escape costs 1 Destiny Point instead of 2.</Description>
    <Source>Fly Casual</Source>
    <Custom>DescOnly</Custom>
    <SigAbility>Narrow Escape</SigAbility>
  </SigAbilityNode>
  <SigAbilityNode>
    <Key>UNMATCHFORTUNEBASE</Key>
    <Name>Unmatched Fortune Base Ability</Name>
    <Description>Once per game session as an incidental, the character may spend 2 Destiny Points to change the face of one positive die in the character's dice pool to another face adjacent to it. An "adjacent" face is any die face sharing an edge—not a point—with the rolled face. Unmatched Fortune cannot be used on a [FO].</Description>
    <Source>Fly Casual</Source>
    <Custom>DescOnly</Custom>
    <SigAbility>Unmatched Fortune</SigAbility>
  </SigAbilityNode>
  <SigAbilityNode>
    <Key>FREQUENCYUF</Key>
    <Name>Frequency</Name>
    <Description>Unmatched Fortune can be used one additional time each game session per Frequency upgrade purchased.</Description>
    <Source>Fly Casual</Source>
    <Custom>DescOnly</Custom>
    <SigAbility>Unmatched Fortune</SigAbility>
  </SigAbilityNode>
  <SigAbilityNode>
    <Key>INCREASENUMBERUF</Key>
    <Name>Increase Number</Name>
    <Description>Unmatched Fortune affects one additional die per Increase Number upgrade purchased. </Description>
    <Source>Fly Casual</Source>
    <Custom>DescOnly</Custom>
    <SigAbility>Unmatched Fortune</SigAbility>
  </SigAbilityNode>
  <SigAbilityNode>
    <Key>SHAREDLUCKUF</Key>
    <Name>Shared Luck</Name>
    <Description>Unmatched Fortune can also be used on the dice pool of a willing ally within short range.</Description>
    <Source>Fly Casual</Source>
    <Custom>DescOnly</Custom>
    <SigAbility>Unmatched Fortune</SigAbility>
  </SigAbilityNode>
  <SigAbilityNode>
    <Key>DESTINYUF</Key>
    <Name>Destiny</Name>
    <Description>Unmatched Fortune costs 1 Destiny Point instead of 2.</Description>
    <Source>Fly Casual</Source>
    <Custom>DescOnly</Custom>
    <SigAbility>Unmatched Fortune</SigAbility>
  </SigAbilityNode>
  <SigAbilityNode>
    <Key>INCREASEEFFECTUF</Key>
    <Name>Increase Effect</Name>
    <Description>Unmatched Fortune can also be used on negative dice.</Description>
    <Source>Fly Casual</Source>
    <Custom>DescOnly</Custom>
    <SigAbility>Unmatched Fortune</SigAbility>
  </SigAbilityNode>
  <SigAbilityNode>
    <Key>INCREASERANGEUF</Key>
    <Name>Increase Range</Name>
    <Description>Increases the maximum range at which Unmatched Fortune can affect willing allies by 1 per Increase Range upgrade purchased.</Description>
    <Source>Fly Casual</Source>
    <Custom>DescOnly</Custom>
    <SigAbility>Unmatched Fortune</SigAbility>
  </SigAbilityNode>
  <SigAbilityNode>
    <Key>SUDDISCBASIC</Key>
    <Name>Sudden Discovery Basic Ability</Name>
    <Description>Once per game session, the character may spend 2 Destiny Points to make a [B]Hard ([DI][DI][DI]) Knowledge (Outer Rim) or Knowledge (Core Worlds) check[b]. If he succeeds, the character can pinpoint his exact location without a map or other guide, discover a lost or hidden item or location, or identify a safe and fast path through any terrain. The exact nature of what the character is trying to accomplish, as well as the end results, must be approved by the GM. </Description>
    <Source>Enter the Unknown</Source>
    <Custom>DescOnly</Custom>
    <SigAbility>Sudden Discovery</SigAbility>
  </SigAbilityNode>
  <SigAbilityNode>
    <Key>SUDDISCADDBOOST</Key>
    <Name>Add Boost</Name>
    <Description>Add [BO] to skill check to activate Sudden Discovery. </Description>
    <Source>Enter the Unknown</Source>
    <Custom>DescOnly</Custom>
    <SigAbility>Sudden Discovery</SigAbility>
  </SigAbilityNode>
  <SigAbilityNode>
    <Key>SUDDISCREDUCESETBACK</Key>
    <Name>Reduce Setback</Name>
    <Description>Remove [SE] from skill check to activate Sudden Discovery </Description>
    <Source>Enter the Unknown</Source>
    <Custom>DescOnly</Custom>
    <SigAbility>Sudden Discovery</SigAbility>
  </SigAbilityNode>
  <SigAbilityNode>
    <Key>SUDDISCCHANGESKILL</Key>
    <Name>Change Skill</Name>
    <Description>Sudden Discovery can be activated with the Astrogation or Survival skills.</Description>
    <Source>Enter the Unknown</Source>
    <Custom>DescOnly</Custom>
    <SigAbility>Sudden Discovery</SigAbility>
  </SigAbilityNode>
  <SigAbilityNode>
    <Key>SUDDISCFREQ</Key>
    <Name>Frequency</Name>
    <Description>Sudden Discovery may be used twice per game session.</Description>
    <Source>Enter the Unknown</Source>
    <Custom>DescOnly</Custom>
    <SigAbility>Sudden Discovery</SigAbility>
  </SigAbilityNode>
  <SigAbilityNode>
    <Key>SUDDISCREDUCEDIFF</Key>
    <Name>Reduce Difficulty</Name>
    <Description>Reduce the difficulty of the skill check to activate Sudden Discovery to [B]Average ([DI][DI])[b].</Description>
    <Source>Enter the Unknown</Source>
    <Custom>DescOnly</Custom>
    <SigAbility>Sudden Discovery</SigAbility>
  </SigAbilityNode>
  <SigAbilityNode>
    <Key>SUDDISCDEST</Key>
    <Name>Destiny</Name>
    <Description>Sudden Discovery costs 1 Destiny Point instead of 2.</Description>
    <Source>Enter the Unknown</Source>
    <Custom>DescOnly</Custom>
    <SigAbility>Sudden Discovery</SigAbility>
  </SigAbilityNode>
  <SigAbilityNode>
    <Key>UNMOBBASIC</Key>
    <Name>Unmatched Mobility Basic Ability</Name>
    <Description>Once per game session as an incidental, the character may spend 2 Destiny Points to increase the number of maneuvers he is allowed to perform in a turn to three for the next true rounds. This third maneuver may be gained through any of the means a second maneuver is normally gained. </Description>
    <Source>Enter the Unknown</Source>
    <Custom>DescOnly</Custom>
    <SigAbility>Unmatched Mobility</SigAbility>
  </SigAbilityNode>
  <SigAbilityNode>
    <Key>UNMOBDUR</Key>
    <Name>Duration</Name>
    <Description>Unmatched Mobility lasts for one additional round.</Description>
    <Source>Enter the Unknown</Source>
    <Custom>DescOnly</Custom>
    <SigAbility>Unmatched Mobility</SigAbility>
  </SigAbilityNode>
  <SigAbilityNode>
    <Key>UNMOBFREEMAN</Key>
    <Name>Free Maneuver</Name>
    <Description>Gain one additional free maneuver while base ability is active. This does not increase per-turn maneuvers. </Description>
    <Source>Enter the Unknown</Source>
    <Custom>DescOnly</Custom>
    <SigAbility>Unmatched Mobility</SigAbility>
  </SigAbilityNode>
  <SigAbilityNode>
    <Key>UNMOBMDEF</Key>
    <Name>Melee Defense</Name>
    <Description>Gain +1 melee defense while Unmatched Mobility is active.</Description>
    <Source>Enter the Unknown</Source>
    <Custom>DescOnly</Custom>
    <SigAbility>Unmatched Mobility</SigAbility>
  </SigAbilityNode>
  <SigAbilityNode>
    <Key>UNMOBDEST</Key>
    <Name>Destiny</Name>
    <Description>Unmatched Mobility costs 1 Destiny Point instead of 2.</Description>
    <Source>Enter the Unknown</Source>
    <Custom>DescOnly</Custom>
    <SigAbility>Unmatched Mobility</SigAbility>
  </SigAbilityNode>
  <SigAbilityNode>
    <Key>UNMOBRDEF</Key>
    <Name>Ranged Defense</Name>
    <Description>Gain +1 ranged defense while Unmatched Mobility is active. </Description>
    <Source>Enter the Unknown</Source>
    <Custom>DescOnly</Custom>
    <SigAbility>Unmatched Mobility</SigAbility>
  </SigAbilityNode>
  <SigAbilityNode>
    <Key>ACTIVATIONDS</Key>
    <Name>Activation</Name>
    <Description>May activate Diplomatic Solution at the start of any combat turn instead of only at the start of combat.</Description>
    <Source>Desperate Allies</Source>
    <Custom>DescOnly</Custom>
    <SigAbility>Diplomatic Solution</SigAbility>
  </SigAbilityNode>
  <SigAbilityNode>
    <Key>BOOSTALLIESDS</Key>
    <Name>Boost Allies</Name>
    <Description>Other friendly characters gain [BO] on social checks until the end of the encounter per Boost Allies Upgrade.</Description>
    <Source>Desperate Allies</Source>
    <Custom>DescOnly</Custom>
    <SigAbility>Diplomatic Solution</SigAbility>
  </SigAbilityNode>
  <SigAbilityNode>
    <Key>CHANGESKILL1DS</Key>
    <Name>Change Skill (Coercion)</Name>
    <Description>May make a Coercion check instead of a Charm check to activate Diplomatic Solution.</Description>
    <Source>Desperate Allies</Source>
    <Custom>DescOnly</Custom>
    <SigAbility>Diplomatic Solution</SigAbility>
  </SigAbilityNode>
  <SigAbilityNode>
    <Key>CHANGESKILL2DS</Key>
    <Name>Change Skill (Leadership)</Name>
    <Description>May make a Leadership check instead of a Charm check to activate Diplomatic Solution.</Description>
    <Source>Desperate Allies</Source>
    <Custom>DescOnly</Custom>
    <SigAbility>Diplomatic Solution</SigAbility>
  </SigAbilityNode>
  <SigAbilityNode>
    <Key>DESTINYDS</Key>
    <Name>Destiny</Name>
    <Description>Diplomatic Solution costs 1 Destiny Point instead of 2.</Description>
    <Source>Desperate Allies</Source>
    <Custom>DescOnly</Custom>
    <SigAbility>Diplomatic Solution</SigAbility>
  </SigAbilityNode>
  <SigAbilityNode>
    <Key>DIPLOMATICSOLUTIONBASE</Key>
    <Name>Diplomatic Solution Base Ability</Name>
    <Description>Once per game session, when a combat encounter against one or more sentient creatures is about to begin, the character may spend 2 Destiny Points and make a [B]Daunting ([DI][DI][DI][DI]) Charm check[b] to turn the encounter into a social encounter instead.</Description>
    <Source>Desperate Allies</Source>
    <Custom>DescOnly</Custom>
    <SigAbility>Diplomatic Solution</SigAbility>
  </SigAbilityNode>
  <SigAbilityNode>
    <Key>REDUCESETBACKDS</Key>
    <Name>Reduce Setback</Name>
    <Description>Remove [SE] from skill check to activate Diplomatic Solution.</Description>
    <Source>Desperate Allies</Source>
    <Custom>DescOnly</Custom>
    <SigAbility>Diplomatic Solution</SigAbility>
  </SigAbilityNode>
  <SigAbilityNode>
    <Key>DESTINYUI</Key>
    <Name>Destiny</Name>
    <Description>Unmatched Insight costs 1 Destiny Point instead of 2.</Description>
    <Source>Desperate Allies</Source>
    <Custom>DescOnly</Custom>
    <SigAbility>Unmatched Insight</SigAbility>
  </SigAbilityNode>
  <SigAbilityNode>
    <Key>DISCERNMOTIVESUI</Key>
    <Name>Discern Motives</Name>
    <Description>The character realizes the motivations of each other participant in the scene.</Description>
    <Source>Desperate Allies</Source>
    <Custom>DescOnly</Custom>
    <SigAbility>Unmatched Insight</SigAbility>
  </SigAbilityNode>
  <SigAbilityNode>
    <Key>FREQUENCYUI</Key>
    <Name>Frequency</Name>
    <Description>Unmatched Insight may be used twice per game session.</Description>
    <Source>Desperate Allies</Source>
    <Custom>DescOnly</Custom>
    <SigAbility>Unmatched Insight</SigAbility>
  </SigAbilityNode>
  <SigAbilityNode>
    <Key>INCREASENUMBERUI</Key>
    <Name>Increase Number</Name>
    <Description>Increase the number of participants affected by 2 per Increase Number upgrade.</Description>
    <Source>Desperate Allies</Source>
    <Custom>DescOnly</Custom>
    <SigAbility>Unmatched Insight</SigAbility>
  </SigAbilityNode>
  <SigAbilityNode>
    <Key>LEVERAGEUI</Key>
    <Name>Leverage</Name>
    <Description>Choose 1 character. Upgrade the ability of all social checks once per Leverage Upgrade against that character until the end of the encounter.</Description>
    <Source>Desperate Allies</Source>
    <Custom>DescOnly</Custom>
    <SigAbility>Unmatched Insight</SigAbility>
  </SigAbilityNode>
  <SigAbilityNode>
    <Key>REDUCEDIFFICULTYDS</Key>
    <Name>Reduce Difficulty</Name>
    <Description>Reduce the difficulty of the skill check to activate Diplomatic Solution to [B]Hard ([DI][DI][DI])[b].</Description>
    <Source>Desperate Allies</Source>
    <Custom>DescOnly</Custom>
    <SigAbility>Diplomatic Solution</SigAbility>
  </SigAbilityNode>
  <SigAbilityNode>
    <Key>SECRETUI</Key>
    <Name>Secret</Name>
    <Description>Notice one important detail that a chosen character would prefer to conceal.</Description>
    <Source>Desperate Allies</Source>
    <Custom>DescOnly</Custom>
    <SigAbility>Unmatched Insight</SigAbility>
  </SigAbilityNode>
  <SigAbilityNode>
    <Key>UNMATCHEDINSIGHTBASE</Key>
    <Name>Unmatched Insight Base Ability</Name>
    <Description>Once per game session, during an encounter or scene involving one or more other sentient creatures, the character may spend 2 Destiny Points. The character immediately becomes aware of the emotional states and basic histories of up to 3 chosen participants in the scene.</Description>
    <Source>Desperate Allies</Source>
    <Custom>DescOnly</Custom>
    <SigAbility>Unmatched Insight</SigAbility>
  </SigAbilityNode>
  <SigAbilityNode>
    <Key>UNMATCHEDSURVBASE</Key>
    <Name>Unmatched Survivability Base Ability</Name>
    <Description>Once per game session, when piloting a starship or vehicle with a silhouette of 3 or less that is crippled (has hull trauma in excess of its hull trauma threshold), the character may spend 2 Destiny Points as an incidental. The starship or vehicle operates as if it is not crippled for the next 3 rounds, acting as if its hull trauma is equal to its hull trauma threshold.</Description>
    <Source>Stay on Target</Source>
    <Custom>DescOnly</Custom>
    <SigAbility>Unmatched Survivability</SigAbility>
  </SigAbilityNode>
  <SigAbilityNode>
    <Key>UNMATCHEDSURVREINF</Key>
    <Name>Reinforcement</Name>
    <Description>The Critical rating of all weapons targeting the ship or vehicle counts as 1 higher while Unmatched Survivability is active.</Description>
    <Source>Stay on Target</Source>
    <Custom>DescOnly</Custom>
    <SigAbility>Unmatched Survivability</SigAbility>
  </SigAbilityNode>
  <SigAbilityNode>
    <Key>UNMATCHEDSURVDEST</Key>
    <Name>Destiny</Name>
    <Description>Unmatched Survivability costs 1 Destiny Point instead of 2.</Description>
    <Source>Stay on Target</Source>
    <Custom>DescOnly</Custom>
    <SigAbility>Unmatched Survivability</SigAbility>
  </SigAbilityNode>
  <SigAbilityNode>
    <Key>UNMATCHEDSURVDURA</Key>
    <Name>Duration</Name>
    <Description>Unmatched Survivability lasts until the end of the encounter.</Description>
    <Source>Stay on Target</Source>
    <Custom>DescOnly</Custom>
    <SigAbility>Unmatched Survivability</SigAbility>
  </SigAbilityNode>
  <SigAbilityNode>
    <Key>UNMATCHEDSURVDUR</Key>
    <Name>Durability</Name>
    <Description>Reduce Critical Hits suffered by the ship or vehicle by 10 while Unmatched Survivability is active.</Description>
    <Source>Stay on Target</Source>
    <Custom>DescOnly</Custom>
    <SigAbility>Unmatched Survivability</SigAbility>
  </SigAbilityNode>
  <SigAbilityNode>
    <Key>UNMATCHEDSURVSIL</Key>
    <Name>Change Silhouette</Name>
    <Description>Unmatched Survivability affects ships or vehicles with 1 greater silhouette.</Description>
    <Source>Stay on Target</Source>
    <Custom>DescOnly</Custom>
    <SigAbility>Unmatched Survivability</SigAbility>
  </SigAbilityNode>
  <SigAbilityNode>
    <Key>UNMATCHEDSURVFREQ</Key>
    <Name>Frequency</Name>
    <Description>Unmatched Survivability may be used twice per game session.</Description>
    <Source>Stay on Target</Source>
    <Custom>DescOnly</Custom>
    <SigAbility>Unmatched Survivability</SigAbility>
  </SigAbilityNode>
  <SigAbilityNode>
    <Key>THISONEISMINEBASE</Key>
    <Name>This One is Mine Base Ability</Name>
    <Description>Once per game session, when piloting a starship or vehicle, the character may spend 2 Destiny Points to challenge another starship or vehicle in the battle with equal silhouette. For 2 rounds, the two ships are locked in a duel. For the duration of the duel, the two dueling ships can only make attacks targeting each other, and no other starships or characters can target the dueling ships with attacks.</Description>
    <Source>Stay on Target</Source>
    <Custom>DescOnly</Custom>
    <SigAbility>This One is Mine</SigAbility>
  </SigAbilityNode>
  <SigAbilityNode>
    <Key>THISONEISMINEDUR</Key>
    <Name>Duration</Name>
    <Description>This One is Mine lasts for 1 additional round.</Description>
    <Source>Stay on Target</Source>
    <Custom>DescOnly</Custom>
    <SigAbility>This One is Mine</SigAbility>
  </SigAbilityNode>
  <SigAbilityNode>
    <Key>THISONEISMINEFREQ</Key>
    <Name>Frequency</Name>
    <Description>This One is Mine may be used twice per game session.</Description>
    <Source>Stay on Target</Source>
    <Custom>DescOnly</Custom>
    <SigAbility>This One is Mine</SigAbility>
  </SigAbilityNode>
  <SigAbilityNode>
    <Key>THISONEISMINESIL</Key>
    <Name>Change Silhouette</Name>
    <Description>This One is Mine can target ships or vehicle with a silhouette 1 higher or lower.</Description>
    <Source>Stay on Target</Source>
    <Custom>DescOnly</Custom>
    <SigAbility>This One is Mine</SigAbility>
  </SigAbilityNode>
  <SigAbilityNode>
    <Key>THISONEISMINEDEST</Key>
    <Name>Destiny</Name>
    <Description>This One is Mine costs 1 Destiny Point instead of 2.</Description>
    <Source>Stay on Target</Source>
    <Custom>DescOnly</Custom>
    <SigAbility>This One is Mine</SigAbility>
  </SigAbilityNode>
  <SigAbilityNode>
    <Key>THISONEISMINEEVA</Key>
    <Name>Evasion</Name>
    <Description>Upgrade the difficulty of all incoming attacks once while This One is Mine is active.</Description>
    <Source>Stay on Target</Source>
    <Custom>DescOnly</Custom>
    <SigAbility>This One is Mine</SigAbility>
  </SigAbilityNode>
  <SigAbilityNode>
    <Key>UNMATCHHEROBASIC</Key>
    <Name>Unmatched Heroism Basic Ability</Name>
    <Description>[P]Once per game session, as an out of turn incidental, the character may spend 2 Destiny Points. For the next 2 rounds, whenever an ally within short range is targeted by a successful combat check, the character may suffer 2 strain to move to engaged range of that ally and become the target of that combat check instead.
</Description>
    <Source>Keeping the Peace</Source>
    <Custom>DescOnly</Custom>
    <SigAbility>Unmatched Heroism</SigAbility>
  </SigAbilityNode>
  <SigAbilityNode>
    <Key>UNMATCHHERODESTINY</Key>
    <Name>Destiny</Name>
    <Description>[P]Unmatched Heroism costs 1 Destiny Point instead of 2.
</Description>
    <Source>Keeping the Peace</Source>
    <Custom>DescOnly</Custom>
    <SigAbility>Unmatched Heroism</SigAbility>
  </SigAbilityNode>
  <SigAbilityNode>
    <Key>UNMATCHHEROENDURANCE</Key>
    <Name>Endurance</Name>
    <Description>[P]Reduce the strain cost to become the target of an attack with Unmatched Heroism by 1.
</Description>
    <Source>Keeping the Peace</Source>
    <Custom>DescOnly</Custom>
    <SigAbility>Unmatched Heroism</SigAbility>
  </SigAbilityNode>
  <SigAbilityNode>
    <Key>UNMATCHHERORANGE</Key>
    <Name>Increase Range</Name>
    <Description>Increase the range at which Unmatched Heroism can affect allies to medium range.
</Description>
    <Source>Keeping the Peace</Source>
    <Custom>DescOnly</Custom>
    <SigAbility>Unmatched Heroism</SigAbility>
  </SigAbilityNode>
  <SigAbilityNode>
    <Key>UNMATCHHERODURATION</Key>
    <Name>Duration</Name>
    <Description>Unmatched Heroism lasts for 1 additional round.
</Description>
    <Source>Keeping the Peace</Source>
    <Custom>DescOnly</Custom>
    <SigAbility>Unmatched Heroism</SigAbility>
  </SigAbilityNode>
  <SigAbilityNode>
    <Key>UNMATCHHEROFREQUENCY</Key>
    <Name>Frequency</Name>
    <Description>Unmatched Heroism may be used twice per game session.
</Description>
    <Source>Keeping the Peace</Source>
    <Custom>DescOnly</Custom>
    <SigAbility>Unmatched Heroism</SigAbility>
  </SigAbilityNode>
  <SigAbilityNode>
    <Key>FATDUELBALANCE</Key>
    <Name>Cosmic Balance</Name>
    <Description>Whenever the character suffers a Critical Injury while Fated Duel is active, flip one Dark Side destiny point to a Light Side destiny point.</Description>
    <Source>Keeping the Peace</Source>
    <Custom>DescOnly</Custom>
    <SigAbility>Fated Duel</SigAbility>
  </SigAbilityNode>
  <SigAbilityNode>
    <Key>FATDUELDURATION</Key>
    <Name>Duration</Name>
    <Description>Fated Duel lasts for 1 additional round.
</Description>
    <Source>Keeping the Peace</Source>
    <Custom>DescOnly</Custom>
    <SigAbility>Fated Duel</SigAbility>
  </SigAbilityNode>
  <SigAbilityNode>
    <Key>FATDUELSTANDFIRM</Key>
    <Name>Stand Firm</Name>
    <Description>Increase wound threshold by +4 while Fated Duel is active.
</Description>
    <Source>Keeping the Peace</Source>
    <Custom>DescOnly</Custom>
    <SigAbility>Fated Duel</SigAbility>
  </SigAbilityNode>
  <SigAbilityNode>
    <Key>FATDUELREDUCEDIFF</Key>
    <Name>Reduce Difficulty</Name>
    <Description>Reduce the difficulty of the skill check to activate Fated Duel to [B]Average ([DI][DI])[b]</Description>
    <Source>Keeping the Peace</Source>
    <Custom>DescOnly</Custom>
    <SigAbility>Fated Duel</SigAbility>
  </SigAbilityNode>
  <SigAbilityNode>
    <Key>FATDUELBASIC</Key>
    <Name>Fated Duel Basic Ability</Name>
    <Description>Once per game session, during a combat encounter, the character may spend 2 Destiny Points and make a [B]Hard ([DI][DI][DI]) Discipline check[b] to challenge another character. If he succeeds, the two characters are locked in a duel for 3 rounds. For the duration of the duel, the two dueling characters can only make attacks targeting each other and n other characters can target the dueling characters with attacks (or otherwise intervene).</Description>
    <Source>Keeping the Peace</Source>
    <Custom>DescOnly</Custom>
    <SigAbility>Fated Duel</SigAbility>
  </SigAbilityNode>
  <SigAbilityNode>
    <Key>FATDUELINSPIRE</Key>
    <Name>Inspiration</Name>
    <Description>Add [BO] to checks made by allies while Fated Duel is active.
</Description>
    <Source>Keeping the Peace</Source>
    <Custom>DescOnly</Custom>
    <SigAbility>Fated Duel</SigAbility>
  </SigAbilityNode>
  <SigAbilityNode>
    <Key>UNMATCHEDCALIBRATIONOPTIMIZE</Key>
    <Name>Optimization</Name>
    <Description>Upgrade one [AB] to be rerolled with Unmatched Calibration to [PR].</Description>
    <Source Page="40">Special Modifications</Source>
    <Custom>DescOnly</Custom>
    <SigAbility>Unmatched Calibration</SigAbility>
  </SigAbilityNode>
  <SigAbilityNode>
    <Key>UNMATCHEDCALIBRATIONDESTINY</Key>
    <Name>Destiny</Name>
    <Description>Unmatched Calibration costs 1 Destiny Point instead of 2.</Description>
    <Source Page="40">Special Modifications</Source>
    <Custom>DescOnly</Custom>
    <SigAbility>Unmatched Calibration</SigAbility>
  </SigAbilityNode>
  <SigAbilityNode>
    <Key>UNMATCHEDCALIBRATIONRISK</Key>
    <Name>Minimize Risk</Name>
    <Description>Downgrade one [CH] to be rerolled with Unmatched Calibration to [DI].</Description>
    <Source Page="40">Special Modifications</Source>
    <Custom>DescOnly</Custom>
    <SigAbility>Unmatched Calibration</SigAbility>
  </SigAbilityNode>
  <SigAbilityNode>
    <Key>UNMATCHEDCALIBRATIONNUMBER</Key>
    <Name>Increase Number</Name>
    <Description>Unmatched Calibration affects one additional die per Increase Number upgraded purchased.</Description>
    <Source Page="40">Special Modifications</Source>
    <Custom>DescOnly</Custom>
    <SigAbility>Unmatched Calibration</SigAbility>
  </SigAbilityNode>
  <SigAbilityNode>
    <Key>UNMATCHEDCALIBRATIONFREQUENCY</Key>
    <Name>Frequency</Name>
    <Description>Unmatched Calibration can be used one additional time each game session per Frequency upgrade purchased.
</Description>
    <Source Page="40">Special Modifications</Source>
    <Custom>DescOnly</Custom>
    <SigAbility>Unmatched Calibration</SigAbility>
  </SigAbilityNode>
  <SigAbilityNode>
    <Key>UNMATCHEDCALIBRATIONBASIC</Key>
    <Name>Unmatched Calibration Base Ability</Name>
    <Description>Once per game session as an incidental, the character may spend 2 Destiny Points to reroll up to two dice in the character's dice pool. Unmatched Calibration cannot be used on a [FORCE].</Description>
    <Source Page="40">Special Modifications</Source>
    <Custom>DescOnly</Custom>
    <SigAbility>Unmatched Calibration</SigAbility>
  </SigAbilityNode>
  <SigAbilityNode>
    <Key>UNMATCHEDCALIBRATIONSETBACK</Key>
    <Name>Remove Setback</Name>
    <Description>May remove [SE] instead of rerolling it.</Description>
    <Source Page="40">Special Modifications</Source>
    <Custom>DescOnly</Custom>
    <SigAbility>Unmatched Calibration</SigAbility>
  </SigAbilityNode>
  <SigAbilityNode>
    <Key>INVENTIVECREATIONDESTINY</Key>
    <Name>Destiny</Name>
    <Description>Inventive Creation costs 1 Destiny Point instead of 2.</Description>
    <Source Page="39">Special Modifications</Source>
    <Custom>DescOnly</Custom>
    <SigAbility>Inventive Creation</SigAbility>
  </SigAbilityNode>
  <SigAbilityNode>
    <Key>INVENTIVECREATIONSCALE</Key>
    <Name>Change Scale</Name>
    <Description>May create a vehicle of silhouette 2 or smaller using Inventive Creation.</Description>
    <Source Page="39">Special Modifications</Source>
    <Custom>DescOnly</Custom>
    <SigAbility>Inventive Creation</SigAbility>
  </SigAbilityNode>
  <SigAbilityNode>
    <Key>INVENTIVECREATIONRARITY</Key>
    <Name>Increase Rarity</Name>
    <Description>Increase the rarity of the device the character can build by 1.</Description>
    <Source Page="39">Special Modifications</Source>
    <Custom>DescOnly</Custom>
    <SigAbility>Inventive Creation</SigAbility>
  </SigAbilityNode>
  <SigAbilityNode>
    <Key>INVENTIVECREATIONDIFF</Key>
    <Name>Reduce Difficulty</Name>
    <Description>Reduce the difficulty of the skill check to activate Inventive Creation to [B]Hard ([DI][DI][DI])[b].</Description>
    <Source Page="39">Special Modifications</Source>
    <Custom>DescOnly</Custom>
    <SigAbility>Inventive Creation</SigAbility>
  </SigAbilityNode>
  <SigAbilityNode>
    <Key>INVENTIVECREATIONBASIC</Key>
    <Name>Inventive Creation Base Ability</Name>
    <Description>Oncer per game session, as an action, the character may spend 2 Destiny Points and make a [B]Daunting ([DI][DI][DI][DI]) Mechanics check[b]. If he succeeds, the character immediately uses available parts to build a device that functions as an item of his choice with a rarity of 5 or lower. The item is functional until the end of the encounter, at which point it falls apart, shorts out, or otherwise ceases to function permanently. The exact nature of the device the character its trying to construct as well as the end results, must be apporved by the GM (see [B]Narrative Abilities[b] on page 38).</Description>
    <Source Page="39">Special Modifications</Source>
    <Custom>DescOnly</Custom>
    <SigAbility>Inventive Creation</SigAbility>
  </SigAbilityNode>
  <SigAbilityNode>
    <Key>INVENTIVECREATIONSETBACK</Key>
    <Name>Reduce Setback</Name>
    <Description>Remove [SE] from skill check to activate Inventive Creation</Description>
    <Source Page="39">Special Modifications</Source>
    <Custom>DescOnly</Custom>
    <SigAbility>Inventive Creation</SigAbility>
  </SigAbilityNode>
  <SigAbilityNode>
    <Key>UNMATCHAUTHINCREASEEFFECT2</Key>
    <Name>Increase Effect: Reduce Difficulty</Name>
    <Description>May reduce the difficulty of an ally's skill check instead of downgrading the difficulty.</Description>
    <Source Page="40">Lead by Example</Source>
    <Custom>DescOnly</Custom>
    <SigAbility>Unmatched Authority</SigAbility>
  </SigAbilityNode>
  <SigAbilityNode>
    <Key>UNMATCHAUTHDESTINY</Key>
    <Name>Destiny</Name>
    <Description>Unmatched Authority costs 1 Destiny Point instead of 2.</Description>
    <Source Page="40">Lead by Example</Source>
    <Custom>DescOnly</Custom>
    <SigAbility>Unmatched Authority</SigAbility>
  </SigAbilityNode>
  <SigAbilityNode>
    <Key>UNMATCHAUTHMASSCOMBAT</Key>
    <Name>Mass Combat</Name>
    <Description>The character can spend strain to modify Mass Combat  checks with Unmatched Authority as though it was an ally's skill check.</Description>
    <Source Page="40">Lead by Example</Source>
    <Custom>DescOnly</Custom>
    <SigAbility>Unmatched Authority</SigAbility>
  </SigAbilityNode>
  <SigAbilityNode>
    <Key>UNMATCHAUTHINCREASEEFFECT</Key>
    <Name>Increase Effect: Remove Setback</Name>
    <Description>May remove [SE] from an ally's check instead of downgrading the difficulty.</Description>
    <Source Page="40">Lead by Example</Source>
    <Custom>DescOnly</Custom>
    <SigAbility>Unmatched Authority</SigAbility>
  </SigAbilityNode>
  <SigAbilityNode>
    <Key>UNMATCHAUTHFIRMRESOLVE</Key>
    <Name>Firm Resolve</Name>
    <Description>Increase strain threshold by 2 while Unmatched Authority is active.</Description>
    <Source Page="40">Lead by Example</Source>
    <Custom>DescOnly</Custom>
    <SigAbility>Unmatched Authority</SigAbility>
  </SigAbilityNode>
  <SigAbilityNode>
    <Key>UNMATCHAUTHENDURANCE</Key>
    <Name>Endurance</Name>
    <Description>Reduce the strain cost to modify an ally's skill check with Unmatched Authority by 1</Description>
    <Source Page="40">Lead by Example</Source>
    <Custom>DescOnly</Custom>
    <SigAbility>Unmatched Authority</SigAbility>
  </SigAbilityNode>
  <SigAbilityNode>
    <Key>UNMATCHAUTHBASIC</Key>
    <Name>Unmatched Authority Basic Ability</Name>
    <Description>Once per game session, as an action during an encounter in structured time, the character may spend 2 Destiny Points to gain the following ability for the remainder of the current round and two additional rounds. As an out of turn incidental, the character may suffer 2 strain to downgrade the difficulty of an ally's skill check once.</Description>
    <Source Page="40">Lead by Example</Source>
    <Custom>DescOnly</Custom>
    <SigAbility>Unmatched Authority</SigAbility>
  </SigAbilityNode>
  <SigAbilityNode>
    <Key>UNMATCHAUTHDURATION</Key>
    <Name>Duration</Name>
    <Description>Unmatched Authority lasts
one additional round.</Description>
    <Source Page="40">Lead by Example</Source>
    <Custom>DescOnly</Custom>
    <SigAbility>Unmatched Authority</SigAbility>
  </SigAbilityNode>
  <SigAbilityNode>
    <Key>ROUSORTURNINGPOINT</Key>
    <Name>Turning Point</Name>
    <Description>During a mass combat, may
activate Rousing Oratory to
create a turning point or
boost allies already taking
part in one.</Description>
    <Source Page="38">Lead by Example</Source>
    <Custom>DescOnly</Custom>
    <SigAbility>Rousing Oratory</SigAbility>
  </SigAbilityNode>
  <SigAbilityNode>
    <Key>ROUSORDESTINY</Key>
    <Name>Destiny</Name>
    <Description>Rousing Oratory costs 1
Destiny Point instead of 2.</Description>
    <Source Page="38">Lead by Example</Source>
    <Custom>DescOnly</Custom>
    <SigAbility>Rousing Oratory</SigAbility>
  </SigAbilityNode>
  <SigAbilityNode>
    <Key>ROUSORRECOVERSTRAIN</Key>
    <Name>Recover Strain</Name>
    <Description>Friendly characters and
NPCs targeted by Rousing
Oratory recover a number
of strain equal to the character’s
ranks in Leadership.</Description>
    <Source Page="38">Lead by Example</Source>
    <Custom>DescOnly</Custom>
    <SigAbility>Rousing Oratory</SigAbility>
  </SigAbilityNode>
  <SigAbilityNode>
    <Key>ROUSORBOOSTALLIES</Key>
    <Name>Boost Allies</Name>
    <Description>After triggering Rousing
Oratory, add [BO] per Boost
Allies upgrade to all Discipline
and Cool checks that
other friendly characters
and NPCs make until the
end of the encounter.</Description>
    <Source Page="38">Lead by Example</Source>
    <Custom>DescOnly</Custom>
    <SigAbility>Rousing Oratory</SigAbility>
  </SigAbilityNode>
  <SigAbilityNode>
    <Key>ROUSORCHANGESKILL2</Key>
    <Name>Change Skill: Cool</Name>
    <Description>May make a Cool check instead
of a Leadership check
to activate Rousing Oratory.</Description>
    <Source Page="38">Lead by Example</Source>
    <Custom>DescOnly</Custom>
    <SigAbility>Rousing Oratory</SigAbility>
  </SigAbilityNode>
  <SigAbilityNode>
    <Key>ROUSORREDUCESETBACK</Key>
    <Name>Reduce Setback</Name>
    <Description>Remove [SE] from skill check to
activate Rousing Oratory.</Description>
    <Source Page="38">Lead by Example</Source>
    <Custom>DescOnly</Custom>
    <SigAbility>Rousing Oratory</SigAbility>
  </SigAbilityNode>
  <SigAbilityNode>
    <Key>ROUSORREDUCEDIFF</Key>
    <Name>Reduce Difficulty</Name>
    <Description>Reduce the difficulty of the
skill check to activate
Rousing Oratory to [B]Average
([DI][DI])[b].</Description>
    <Source Page="38">Lead by Example</Source>
    <Custom>DescOnly</Custom>
    <SigAbility>Rousing Oratory</SigAbility>
  </SigAbilityNode>
  <SigAbilityNode>
    <Key>ROUSORCHANGESKILL</Key>
    <Name>Change Skill: Discipline</Name>
    <Description>May make a Discipline check
instead of a Leadership check
to activate Rousing Oratory.</Description>
    <Source Page="38">Lead by Example</Source>
    <Custom>DescOnly</Custom>
    <SigAbility>Rousing Oratory</SigAbility>
  </SigAbilityNode>
  <SigAbilityNode>
    <Key>ROUSORBASIC</Key>
    <Name>Rousing Oratory Basic Ability</Name>
    <Description>Once per game session, the character may perform a Rousing Oratory action, spend 2 Destiny Poins, and make a [B]Hard ([DI][DI][DI]) Leadership check to inspire a group to take action in a military situation about which  members were previously hesitant.</Description>
    <Source Page="38">Lead by Example</Source>
    <Custom>DescOnly</Custom>
    <SigAbility>Rousing Oratory</SigAbility>
  </SigAbilityNode>
  <SigAbilityNode>
    <Key>UNMATCHEDCALIBRATIONACUMEN</Key>
    <Name>Shared Acumen</Name>
    <Description>Unmatched Calibration can also be used on the dice pool of a wiling ally within short range.</Description>
    <Source Page="40">Special Modifications</Source>
    <Custom>DescOnly</Custom>
    <SigAbility>Unmatched Calibration</SigAbility>
  </SigAbilityNode>
  <SigAbilityNode>
    <Key>UNMATCHEDVIGILANCEGROUPPREPARATION</Key>
    <Name>Group Preparation</Name>
    <Description>All NPCs add [SE] to their combat checks targeting any PC who has not yet taken a turn in the current round.</Description>
    <Source Page="35">Endless Vigil</Source>
    <Custom>DescOnly</Custom>
    <SigAbility>Unmatched Vigilance</SigAbility>
  </SigAbilityNode>
  <SigAbilityNode>
    <Key>UNMATCHEDVIGILANCEBASIC</Key>
    <Name>Unmatched Vigilance Base Ability</Name>
    <Description>Once per game session at the beginning of a structured encounter, the character may spend 2 Destiny Points. If he does so, he determines the Initiative order of the first round of the enounter. Characters still make checks to determine Initiative, but these results will only apply after Unmatched Vigilance's effects end.</Description>
    <Source Page="35">Endless Vigil</Source>
    <Custom>DescOnly</Custom>
    <SigAbility>Unmatched Vigilance</SigAbility>
  </SigAbilityNode>
  <SigAbilityNode>
    <Key>UNMATCHEDVIGILANCEGROUPVIGILANCE</Key>
    <Name>Group Vigilance</Name>
    <Description>All PCs add [BO] to their combat checks targeting any NPC who has already taken a turn during the current round..</Description>
    <Source Page="35">Endless Vigil</Source>
    <Custom>DescOnly</Custom>
    <SigAbility>Unmatched Vigilance</SigAbility>
  </SigAbilityNode>
  <SigAbilityNode>
    <Key>UNMATCHEDVIGILANCEALWAYSALERT</Key>
    <Name>Always Alert</Name>
    <Description>After activating Unmatched Vigilance, the character may choose to use either Cool or Vigilance for his Initiative check.</Description>
    <Source Page="35">Endless Vigil</Source>
    <Custom>DescOnly</Custom>
    <SigAbility>Unmatched Vigilance</SigAbility>
  </SigAbilityNode>
  <SigAbilityNode>
    <Key>UNMATCHEDVIGILANCEDURATION</Key>
    <Name>Duration</Name>
    <Description>The Initiative order the base ability establishes lasts 1 additional round per Duration upgrade purchased.</Description>
    <Source Page="35">Endless Vigil</Source>
    <Custom>DescOnly</Custom>
    <SigAbility>Unmatched Vigilance</SigAbility>
  </SigAbilityNode>
  <SigAbilityNode>
    <Key>UNMATCHEDVIGILANCECOMBATPREPARATION</Key>
    <Name>Combat Preparation</Name>
    <Description>When the character activates Unmatched Vigilance he may choose to introduce a "fact" or additional context directly into the narrative as if he had spent a Destiny Point.</Description>
    <Source Page="35">Endless Vigil</Source>
    <Custom>DescOnly</Custom>
    <SigAbility>Unmatched Vigilance</SigAbility>
  </SigAbilityNode>
  <SigAbilityNode>
    <Key>UNMATCHEDVIGILANCECOMBATREADINESS</Key>
    <Name>Combat Readiness</Name>
    <Description>After activating Unmatched Vigilance, the character may immediately perform 1 free maneuver..</Description>
    <Source Page="35">Endless Vigil</Source>
    <Custom>DescOnly</Custom>
    <SigAbility>Unmatched Vigilance</SigAbility>
  </SigAbilityNode>
  <SigAbilityNode>
    <Key>UNMATCHEDVIGILANCEDESTINY</Key>
    <Name>Destiny</Name>
    <Description>To activate the Unmatched Vigilance base ability, the character only needs to spend 1 Destiny Point instead of the normal 2.</Description>
    <Source Page="35">Endless Vigil</Source>
    <Custom>DescOnly</Custom>
    <SigAbility>Unmatched Vigilance</SigAbility>
  </SigAbilityNode>
  <SigAbilityNode>
    <Key>MYCITYREDUCEDIFFICULTY</Key>
    <Name>Reduce Difficulty</Name>
    <Description>The skill check difficulty to activate My City is [B]Average ([DI][DI])[b] instead of [B]Hard ([DI][DI][DI])[b].</Description>
    <Source Page="34">Endless Vigil</Source>
    <Custom>DescOnly</Custom>
    <SigAbility>My City</SigAbility>
  </SigAbilityNode>
  <SigAbilityNode>
    <Key>MYCITYBOOSTSKILL2</Key>
    <Name>Boost Skill: Skulduggery and Stealth</Name>
    <Description>When making a skill check while My City is active the character adds [BO] to Skulduggery and Stealth checks.</Description>
    <Source Page="34">Endless Vigil</Source>
    <Custom>DescOnly</Custom>
    <SigAbility>My City</SigAbility>
  </SigAbilityNode>
  <SigAbilityNode>
    <Key>MYCITYBOOSTSKILL1</Key>
    <Name>Boost Skill: Streetwise and Survival</Name>
    <Description>When making a skill check while My City is active, the character adds [BO] to Streetwise and Survival checks.</Description>
    <Source Page="34">Endless Vigil</Source>
    <Custom>DescOnly</Custom>
    <SigAbility>My City</SigAbility>
  </SigAbilityNode>
  <SigAbilityNode>
    <Key>MYCITYDOWNGRADE</Key>
    <Name>Downgrade</Name>
    <Description>While My City is active and the character is in the chosen city, he may suffer 2 strain to downgrade the difficulty of any Stealth check once.</Description>
    <Source Page="34">Endless Vigil</Source>
    <Custom>DescOnly</Custom>
    <SigAbility>My City</SigAbility>
  </SigAbilityNode>
  <SigAbilityNode>
    <Key>MYCITYCHANGESKILL1</Key>
    <Name>Change Skill: Streetwise</Name>
    <Description>When activating My City, the character may make a Streetwise check instead of a Knowledge (Core Worlds/Outer Rim) check.</Description>
    <Source Page="34">Endless Vigil</Source>
    <Custom>DescOnly</Custom>
    <SigAbility>My City</SigAbility>
  </SigAbilityNode>
  <SigAbilityNode>
    <Key>MYCITYCHANGESKILL2</Key>
    <Name>Change Skill: Underworld</Name>
    <Description>When activating My City, the character may make a Knowledge (Underworld) check instead of a Knowledge (Core Worlds/Outer Rim) check.</Description>
    <Source Page="34">Endless Vigil</Source>
    <Custom>DescOnly</Custom>
    <SigAbility>My City</SigAbility>
  </SigAbilityNode>
  <SigAbilityNode>
    <Key>MYCITYCOVERUPGRADE</Key>
    <Name>Cover Upgrade</Name>
    <Description>While My City is active and the character is in the chosen city, whenever the character is in cover, he increases his ranged defense by 1.</Description>
    <Source Page="34">Endless Vigil</Source>
    <Custom>DescOnly</Custom>
    <SigAbility>My City</SigAbility>
  </SigAbilityNode>
  <SigAbilityNode>
    <Key>MYCITYBASIC</Key>
    <Name>My City Base Ability</Name>
    <Description>Once per game session when in an urban setting, the character may spend 2 Destiny Points and make a [B]Hard ([DI][DI][DI]) Knowledge (Core Worlds)[b] or [B]Knowledge (Outer Rim) check[b]. If successful, for the remainder of the game session, the character may suffer 2 strain to recall or learn the location of any individual, group, or establishment within that city, and any relevant information.</Description>
    <Source Page="34">Endless Vigil</Source>
    <Custom>DescOnly</Custom>
    <SigAbility>My City</SigAbility>
  </SigAbilityNode>
  <SigAbilityNode>
    <Key>MYCITYDESTINY</Key>
    <Name>Destiny</Name>
    <Description>To activate My City, the character only needs to spend 1 Destiny Point instead of the normal 2.</Description>
    <Source Page="34">Endless Vigil</Source>
    <Custom>DescOnly</Custom>
    <SigAbility>My City</SigAbility>
  </SigAbilityNode>
  <SigAbilityNode>
    <Key>UNMATCHEDPURSUITFREQUENCY</Key>
    <Name>Frequency</Name>
    <Description>Unmatched Pursuit can be activated twice per game session instead of once.</Description>
    <Source Page="35">Savage Spirits</Source>
    <Custom>DescOnly</Custom>
    <SigAbility>Unmatched Pursuit</SigAbility>
  </SigAbilityNode>
  <SigAbilityNode>
    <Key>UNMATCHEDPURSUITENDURANCE</Key>
    <Name>Endurance</Name>
    <Description>Reduce the strain cost to keep up with the target by 1to a minimumof 0, per endurance upgrade.</Description>
    <Source Page="35">Savage Spirits</Source>
    <Custom>DescOnly</Custom>
    <SigAbility>Unmatched Pursuit</SigAbility>
  </SigAbilityNode>
  <SigAbilityNode>
    <Key>UNMATCHEDPURSUITDESTINY</Key>
    <Name>Destiny</Name>
    <Description>To activate Unmatched Pursuit, the character only needs to spend 1 Destiny Point, instead of the Nomral 2 Destiny Points.</Description>
    <Source Page="35">Savage Spirits</Source>
    <Custom>DescOnly</Custom>
    <SigAbility>Unmatched Pursuit</SigAbility>
  </SigAbilityNode>
  <SigAbilityNode>
    <Key>UNMATCHEDPURSUITRANGE</Key>
    <Name>Increase Range</Name>
    <Description>Increase the maximum range at which a target can be increased to long range.</Description>
    <Source Page="35">Savage Spirits</Source>
    <Custom>DescOnly</Custom>
    <SigAbility>Unmatched Pursuit</SigAbility>
  </SigAbilityNode>
  <SigAbilityNode>
    <Key>UNMATCHEDPURSUITMANEUVER</Key>
    <Name>Maneuver</Name>
    <Description>Should the target of Unmatched Pursuit spend a maneuver to increase the distance from the character, the character may immediately perform a Move maneuver as an out of turn incidental to close the distance between them.</Description>
    <Source Page="35">Savage Spirits</Source>
    <Custom>DescOnly</Custom>
    <SigAbility>Unmatched Pursuit</SigAbility>
  </SigAbilityNode>
  <SigAbilityNode>
    <Key>UNMATCHEDPURSUITDURATION</Key>
    <Name>Duration</Name>
    <Description>Unmatched Pursuit lasts for 1 additional round per Duration upgrade.</Description>
    <Source Page="35">Savage Spirits</Source>
    <Custom>DescOnly</Custom>
    <SigAbility>Unmatched Pursuit</SigAbility>
  </SigAbilityNode>
  <SigAbilityNode>
    <Key>BIGGERTHEYAREBASIC</Key>
    <Name>The Bigger They Are... Base Ability</Name>
    <Description>Once per game session as an action, the character may spend 2 Destiny Points, nominate one vehicle, starship, living creature of silhouette 2 or smaller that he can see and make a [B]Hard ([DI][DI][DI]) Knowledge (Warfare) check[b]. If he succeeds, for the next 3 rounds,he and each other friendly character within medium range of him ignore the target's armor (or soak) when inflicting damage on the target with non-vehicle/starship weapons.</Description>
    <Source Page="38">Forged in Battle</Source>
    <Custom>DescOnly</Custom>
    <SigAbility>The Bigger They Are...</SigAbility>
  </SigAbilityNode>
  <SigAbilityNode>
    <Key>BIGGERTHEYARESKILL1</Key>
    <Name>Change Skill (Survival)</Name>
    <Description>May use Survival instead of Knowledge (Warfare) to acivate The Bigger They Are.</Description>
    <Source Page="38">Forged in Battle</Source>
    <Custom>DescOnly</Custom>
    <SigAbility>The Bigger They Are...</SigAbility>
  </SigAbilityNode>
  <SigAbilityNode>
    <Key>BIGGERTHEYAREDIFFICULTY</Key>
    <Name>Reduce Difficulty</Name>
    <Description>Reduce the difficulty of the skill check to activate The Bigger They Are to [B]Average ([DI][DI])[b].</Description>
    <Source Page="38">Forged in Battle</Source>
    <Custom>DescOnly</Custom>
    <SigAbility>The Bigger They Are...</SigAbility>
  </SigAbilityNode>
  <SigAbilityNode>
    <Key>BIGGERTHEYARESALVO</Key>
    <Name>Ongoing Salvo</Name>
    <Description>If the target is destroyed (or dies) while The Bigger They Are is active, the character may spend 1 Destiny Point to select a new target for The Bigger They Are.</Description>
    <Source Page="38">Forged in Battle</Source>
    <Custom>DescOnly</Custom>
    <SigAbility>The Bigger They Are...</SigAbility>
  </SigAbilityNode>
  <SigAbilityNode>
    <Key>BIGGERTHEYAREDURATION</Key>
    <Name>Duration</Name>
    <Description>The Bigger They Are lasts for 2 additonal rounds.</Description>
    <Source Page="38">Forged in Battle</Source>
    <Custom>DescOnly</Custom>
    <SigAbility>The Bigger They Are...</SigAbility>
  </SigAbilityNode>
  <SigAbilityNode>
    <Key>BIGGERTHEYARESKILL2</Key>
    <Name>Change Skill (Athletics)</Name>
    <Description>May use Athletics instead of Knowledge (Warfare) to activate The Bigger They Are.</Description>
    <Source Page="38">Forged in Battle</Source>
    <Custom>DescOnly</Custom>
    <SigAbility>The Bigger They Are...</SigAbility>
  </SigAbilityNode>
  <SigAbilityNode>
    <Key>BIGGERTHEYARESILHOUETTE</Key>
    <Name>Increase Silhouette</Name>
    <Description>Increase the silhouette of targets that can be affected by The Bigger They Are by 1.</Description>
    <Source Page="38">Forged in Battle</Source>
    <Custom>DescOnly</Custom>
    <SigAbility>The Bigger They Are...</SigAbility>
  </SigAbilityNode>
  <SigAbilityNode>
    <Key>BIGGERTHEYAREDESTINY</Key>
    <Name>Destiny</Name>
    <Description>The Bigger They Are costs 1 Destiny Point instead of 2.</Description>
    <Source Page="38">Forged in Battle</Source>
    <Custom>DescOnly</Custom>
    <SigAbility>The Bigger They Are...</SigAbility>
  </SigAbilityNode>
  <SigAbilityNode>
    <Key>UNMATCHEDPURSUITBASIC</Key>
    <Name>Unmatched Pursuit Base Ability</Name>
    <Description>Once per game session, as n out of turn incidental, the character may spend 2 Destiny Points and designate one enemy character or vehicle within medium range (either personal or planetary scale) as the quarry for the next 3 rounds. If the designated target would successfully elude his pursuit, the character may voluntarily suffer 2 strain to keep pace preventing the target, from escaping him.</Description>
    <Source Page="35">Savage Spirits</Source>
    <Custom>DescOnly</Custom>
    <SigAbility>Unmatched Pursuit</SigAbility>
  </SigAbilityNode>
  <SigAbilityNode>
    <Key>UNEXPECTEDDEMISESKILL</Key>
    <Name>Change Skill</Name>
    <Description>To acivate Unexpected Demise, the character can use Discipline.</Description>
    <Source Page="34">Savage Spirits</Source>
    <Custom>DescOnly</Custom>
    <SigAbility>Unexpected Demise</SigAbility>
  </SigAbilityNode>
  <SigAbilityNode>
    <Key>UNEXPECTEDDEMISEDIFFICULTY</Key>
    <Name>Reduce Difficulty</Name>
    <Description>The skill check difficulty to activate Unexpected Demise is [B]Average ([DI][DI])[b] instead of [B]Hard ([DI][DI][DI])[b].</Description>
    <Source Page="34">Savage Spirits</Source>
    <Custom>DescOnly</Custom>
    <SigAbility>Unexpected Demise</SigAbility>
  </SigAbilityNode>
  <SigAbilityNode>
    <Key>UNEXPECTEDDEMISEDESTINY</Key>
    <Name>Destiny</Name>
    <Description>To activate Unexpected Demise the character only needs to spend 1 Destiny Point instead of the normal 2 Destiny Points.</Description>
    <Source Page="34">Savage Spirits</Source>
    <Custom>DescOnly</Custom>
    <SigAbility>Unexpected Demise</SigAbility>
  </SigAbilityNode>
  <SigAbilityNode>
    <Key>UNEXPECTEDDEMISEBASIC</Key>
    <Name>Unexpected Demise Base Ability</Name>
    <Description>Once per session as an action, the character may spend 2 Destiny Points and make a [B]Hard ([DI][DI][DI]) Perception check[b] If successful, for the next 2 rounds the character may spend 1 maneuver to add 1 automatic [TR] to his next combat check made in that turn. In addition, for the next 2 rounds when the character inflicts a Critical Injury on a rival NPC, the target is immediately incapacitated in teh same way as a minion NPC would be (see page 400 of the [B]Force and Destiny[b] Core Rulebook).</Description>
    <Source Page="34">Savage Spirits</Source>
    <Custom>DescOnly</Custom>
    <SigAbility>Unexpected Demise</SigAbility>
  </SigAbilityNode>
  <SigAbilityNode>
    <Key>UNEXPECTEDDEMISESETBACK</Key>
    <Name>Reduce Setback</Name>
    <Description>When making a combat check with Unexpected Demise is active the character removes [SE].</Description>
    <Source Page="34">Savage Spirits</Source>
    <Custom>DescOnly</Custom>
    <SigAbility>Unexpected Demise</SigAbility>
  </SigAbilityNode>
  <SigAbilityNode>
    <Key>UNEXPECTEDDEMISEDURATION</Key>
    <Name>Duration</Name>
    <Description>Unexpected Demise lasts for 1 additional round per Duration upgrade.</Description>
    <Source Page="34">Savage Spirits</Source>
    <Custom>DescOnly</Custom>
    <SigAbility>Unexpected Demise</SigAbility>
  </SigAbilityNode>
  <SigAbilityNode>
    <Key>ALWAYSGETMYMARKTAKEDOWN</Key>
    <Name>Takedown</Name>
    <Description>Upgrade the difficulty of the check once to begin with the mark in custody.</Description>
    <Source Page="39">No Disintegrations</Source>
    <Custom>DescOnly</Custom>
    <SigAbility>Always Get My Mark</SigAbility>
  </SigAbilityNode>
  <SigAbilityNode>
    <Key>ALWAYSGETMYMARKCHANGESKILL2</Key>
    <Name>Change Skill: Survival</Name>
    <Description>May activate Always Get My Mark with Survival instead of Streetwise.</Description>
    <Source Page="39">No Disintegrations</Source>
    <Custom>DescOnly</Custom>
    <SigAbility>Always Get My Mark</SigAbility>
  </SigAbilityNode>
  <SigAbilityNode>
    <Key>ALWAYSGETMYMARKCHANGESKILL1</Key>
    <Name>Change Skill: Underworld</Name>
    <Description>May activate Always Get My Mark with Knowledge (Underworld) instead of Streetwise.</Description>
    <Source Page="39">No Disintegrations</Source>
    <Custom>DescOnly</Custom>
    <SigAbility>Always Get My Mark</SigAbility>
  </SigAbilityNode>
  <SigAbilityNode>
    <Key>UNMATCHEDDEVISTATIONIMPROVEMOBILITY</Key>
    <Name>Improve Mobility</Name>
    <Description>Before performing a combat check as part of Unmatched Devastation, suffer 2 strain  to perform the Move maneuver as an incidental.</Description>
    <Source Page="41">No Disintegrations</Source>
    <Custom>DescOnly</Custom>
    <SigAbility>Unmatched Devistation</SigAbility>
  </SigAbilityNode>
  <SigAbilityNode>
    <Key>ALWAYSGETMYMARKINCREASEEFFECT2</Key>
    <Name>Increase Effect: Nemesis</Name>
    <Description>Upgrade the difficulty of the check twice to find a nemesis NPC (or player character) instead of a minion.</Description>
    <Source Page="39">No Disintegrations</Source>
    <Custom>DescOnly</Custom>
    <SigAbility>Always Get My Mark</SigAbility>
  </SigAbilityNode>
  <SigAbilityNode>
    <Key>UNMATCHEDDEVISTATIONBASIC</Key>
    <Name>Unmatched Devistation Base Ability</Name>
    <Description>Once per game session as an incidental, after performing a combat check, the character may spend 2 Destiny Points to perform an additional combat check against the same target with the difficulty increased by 1 for each successful combat check the character has performed this turn. This combat check must be made using a non-starship vehicle weapon that the character has not already used this turn.</Description>
    <Source Page="41">No Disintegrations</Source>
    <Custom>DescOnly</Custom>
    <SigAbility>Unmatched Devistation</SigAbility>
  </SigAbilityNode>
  <SigAbilityNode>
    <Key>UNMATCHEDCOURAGEFINISH</Key>
    <Name>Finish the Job</Name>
    <Description>While Unmatched Courage is active the character adds +2 damage for each Critical Injury he is suffering to the first hit of each successful combat check he makes.</Description>
    <Source Page="39">Forged in Battle</Source>
    <Custom>DescOnly</Custom>
    <SigAbility>Unmatched Courage</SigAbility>
  </SigAbilityNode>
  <SigAbilityNode>
    <Key>ALWAYSGETMYMARKINCREASERANGE</Key>
    <Name>Increase Range</Name>
    <Description>If the character has a starship or access to interstellar travel, she may choose a character on a different planet to be her mark. If she does so, she travels to that mark's world.</Description>
    <Source Page="39">No Disintegrations</Source>
    <Custom>DescOnly</Custom>
    <SigAbility>Always Get My Mark</SigAbility>
  </SigAbilityNode>
  <SigAbilityNode>
    <Key>UNMATCHEDCOURAGETOUGH</Key>
    <Name>Too Tough To Die</Name>
    <Description>When Unmatched Courage ends, make a [B]Hard ([DI][DI][DI]) Resillience check[b] to remove one Critical Injury.</Description>
    <Source Page="39">Forged in Battle</Source>
    <Custom>DescOnly</Custom>
    <SigAbility>Unmatched Courage</SigAbility>
  </SigAbilityNode>
  <SigAbilityNode>
    <Key>UNMATCHEDCOURAGEBASIC</Key>
    <Name>Unmatched Courage Base Ability</Name>
    <Description>Once per game session, as an out of turn incidental, the character may spend 2 Destiny Points to ignore the effects of all Critical Injuries for 2 rounds. When this effect ends, he fuggers the effects of these Critical Injuries as normal.</Description>
    <Source Page="39">Forged in Battle</Source>
    <Custom>DescOnly</Custom>
    <SigAbility>Unmatched Courage</SigAbility>
  </SigAbilityNode>
  <SigAbilityNode>
    <Key>UNMATCHEDCOURAGEEFFECT</Key>
    <Name>Increase Effect</Name>
    <Description>While Unmatched Courage is active whenever the character would suffer strain, he may suffer that many wounds instead.</Description>
    <Source Page="39">Forged in Battle</Source>
    <Custom>DescOnly</Custom>
    <SigAbility>Unmatched Courage</SigAbility>
  </SigAbilityNode>
  <SigAbilityNode>
    <Key>ALWAYSGETMYMARKBASIC</Key>
    <Name>Always Get My Mark Base Ability</Name>
    <Description>Once per game session, the character may choose a known minion NPC on the same planet to be her mark, spend 2 Destiny Points, and make a [B]Hard ([DI][DI][DI]) Streetwise check[b]. If she succeeds, the character tracks down the chosen mark; a new encounter begins as the character reaches the mark's location. The exact nature of the encounter, as well as the circumstances under which it takes place, must be approved by the GM (see [B]Narrative Abilites[b] on page 40).</Description>
    <Source Page="39">No Disintegrations</Source>
    <Custom>DescOnly</Custom>
    <SigAbility>Always Get My Mark</SigAbility>
  </SigAbilityNode>
  <SigAbilityNode>
    <Key>ALWAYSGETMYMARKINCREASEEFFECT1</Key>
    <Name>Increase Effect: Rival</Name>
    <Description>Upgrade the difficulty of the check once to find a rival NPC instead of a minion.</Description>
    <Source Page="39">No Disintegrations</Source>
    <Custom>DescOnly</Custom>
    <SigAbility>Always Get My Mark</SigAbility>
  </SigAbilityNode>
  <SigAbilityNode>
    <Key>ALWAYSGETMYMARKDESTINY</Key>
    <Name>Destiny</Name>
    <Description>Always Get My Mark costs 1 Destiny Point instead of 2.</Description>
    <Source Page="39">No Disintegrations</Source>
    <Custom>DescOnly</Custom>
    <SigAbility>Always Get My Mark</SigAbility>
  </SigAbilityNode>
  <SigAbilityNode>
    <Key>UNMATCHEDCOURAGETHROUGH</Key>
    <Name>See It Through</Name>
    <Description>While Unmatched Courage is active, the character does not become incapacitated when his wounds exceed his wound threshold.</Description>
    <Source Page="39">Forged in Battle</Source>
    <Custom>DescOnly</Custom>
    <SigAbility>Unmatched Courage</SigAbility>
  </SigAbilityNode>
  <SigAbilityNode>
    <Key>UNMATCHEDDEVISTATIONTARGETPRIORITY</Key>
    <Name>Target Priority</Name>
    <Description>The character may choose a new legal target for each combat check made as part of Unmatched Devastation.</Description>
    <Source Page="41">No Disintegrations</Source>
    <Custom>DescOnly</Custom>
    <SigAbility>Unmatched Devistation</SigAbility>
  </SigAbilityNode>
  <SigAbilityNode>
    <Key>UNMATCHEDDEVISTATIONINCREASENUMBER</Key>
    <Name>Increase Number</Name>
    <Description>Perform additional combat checks equal to ranks in Increase Number upgrade.</Description>
    <Source Page="41">No Disintegrations</Source>
    <Custom>DescOnly</Custom>
    <SigAbility>Unmatched Devistation</SigAbility>
  </SigAbilityNode>
  <SigAbilityNode>
    <Key>ALWAYSGETMYMARKREDUCEDIFFICULTY</Key>
    <Name>Reduce Difficulty</Name>
    <Description>Reduce the difficulty of the skill check to activate Always Get My Mark to [B]Average ([DI][DI])[b].</Description>
    <Source Page="39">No Disintegrations</Source>
    <Custom>DescOnly</Custom>
    <SigAbility>Always Get My Mark</SigAbility>
  </SigAbilityNode>
  <SigAbilityNode>
    <Key>UNMATCHEDCOURAGEDURATION</Key>
    <Name>Duration</Name>
    <Description>Unmatched Courage lasts for 2 additional rounds.</Description>
    <Source Page="39">Forged in Battle</Source>
    <Custom>DescOnly</Custom>
    <SigAbility>Unmatched Courage</SigAbility>
  </SigAbilityNode>
  <SigAbilityNode>
    <Key>UNMATCHEDDEVISTATIONDRAWANDFIRE</Key>
    <Name>Draw and Fire</Name>
    <Description>Before performing each combat check with Unmatched Devastation, the character may holster and draw a weapon.</Description>
    <Source Page="41">No Disintegrations</Source>
    <Custom>DescOnly</Custom>
    <SigAbility>Unmatched Devistation</SigAbility>
  </SigAbilityNode>
  <SigAbilityNode>
    <Key>UNMATCHEDDEVISTATIONREMOVESETBACK</Key>
    <Name>Remove Setback</Name>
    <Description>When making a combat check part of Unmatched Devastation, remove [SE] equal to ranks in Remove Setback upgrade.</Description>
    <Source Page="41">No Disintegrations</Source>
    <Custom>DescOnly</Custom>
    <SigAbility>Unmatched Devistation</SigAbility>
  </SigAbilityNode>
  <SigAbilityNode>
    <Key>UNMATCHEDCOURAGESURVIVOR</Key>
    <Name>Survivor</Name>
    <Description>While Unmatched Courage is active, add [BO] to checks to remove Critical Injuries.</Description>
    <Source Page="39">Forged in Battle</Source>
    <Custom>DescOnly</Custom>
    <SigAbility>Unmatched Courage</SigAbility>
  </SigAbilityNode>
  <SigAbilityNode>
    <Key>UNMATCHEDDEVASTATIONBASIC</Key>
    <Name>Unmatched Devastation Base Ability</Name>
    <Description>Once per game session, after performing a combat check, the character may spend 2 Destiny POints to perform one additional combat check against the same target as an incidental.
[P]
The difficulty of this combat check is increased by 1 for each successful combat check the character has performed this turn. This combat check must be made using a non-starship/vehicle weapon that the character has not already used this turn.</Description>
    <Source Page="41">No Disintegrations</Source>
    <Custom>DescOnly</Custom>
    <SigAbility>Unmatched Devastation</SigAbility>
  </SigAbilityNode>
  <SigAbilityNode>
    <Key>UNMATCHEDDEVASTATIONINCREASENUMBER</Key>
    <Name>Increase Number</Name>
    <Description>Perform addition combat checks equal to ranks in Increase Number upgrade.</Description>
    <Source Page="41">No Disintegrations</Source>
    <Custom>DescOnly</Custom>
    <SigAbility>Unmatched Devastation</SigAbility>
  </SigAbilityNode>
  <SigAbilityNode>
    <Key>UNMATCHEDDEVASTATIONDRAWANDFIRE</Key>
    <Name>Draw and Fire</Name>
    <Description>Before performing each combat check with Unmatched Devastation, the character may holster and draw a weapon.</Description>
    <Source Page="41">No Disintegrations</Source>
    <Custom>DescOnly</Custom>
    <SigAbility>Unmatched Devastation</SigAbility>
  </SigAbilityNode>
  <SigAbilityNode>
    <Key>UNMATCHEDDEVASTATIONTARGETPRIORITY</Key>
    <Name>Target Priority</Name>
    <Description>The character may choose a new legal target for each combat check made as part of Unmatched Devastation.</Description>
    <Source Page="41">No Disintegrations</Source>
    <Custom>DescOnly</Custom>
    <SigAbility>Unmatched Devastation</SigAbility>
  </SigAbilityNode>
  <SigAbilityNode>
    <Key>UNMATCHEDDEVASTATIONREMOVESETBACK</Key>
    <Name>Remove Setback</Name>
    <Description>When making a combat check as part of Unmatched Devastation, remove [SE] equal to ranks in Remove Setback upgrade.</Description>
    <Source Page="41">No Disintegrations</Source>
    <Custom>DescOnly</Custom>
    <SigAbility>Unmatched Devastation</SigAbility>
  </SigAbilityNode>
  <SigAbilityNode>
    <Key>UNMATCHEDDEVASTATIONIMPROVEMOBILITY</Key>
    <Name>Improve Mobility</Name>
    <Description>Before performing a combat check as part of Unmatched Devastation, suffer 2 strain to perform the move maneuver as an incidental.</Description>
    <Source Page="41">No Disintegrations</Source>
    <Custom>DescOnly</Custom>
    <SigAbility>Unmatched Devastation</SigAbility>
  </SigAbilityNode>
</SigAbilityNodes>