<?xml version="1.0"?>
<Specialization xmlns:xsi="http://www.w3.org/2001/XMLSchema-instance" xmlns:xsd="http://www.w3.org/2001/XMLSchema">
  <Key>ASSAS</Key>
  <Name>Assassin</Name>
  <Description>[H4]Assassin - Instrument of Policy[h4]

[P]Whereas most Bounty Hunters focus primarily on the capture of quarry, those who specialize as Assassins are generally tasked with the straightforward proposition of terminating their targets. The selection of additional skills for an Assassin very much points towards his focus: [B]Melee, Ranged (Heavy), Skulduggery,[b] and [B]Stealth[b]. These four skills become additional Career skills. If this is the character's starting Specialization, he may choose two of these skills and gain one free rank in each, without spending starting experience. Assassins tend to prefer getting in quietly, taking out targets (either up close or sniping from afar), and leaving just as silently as they entered. Their talents are very appropriate for this kind of work. 

[P]Despite their different methods, Assassins still adhere to many of the same ethics and practices of other Bounty Hunters. They take their work very seriously, avoid all needless bloodshed, and honor their contracts to the letter. Some treat their methods with reverence, even assigning a certain mystique to it. Others simply see themselves as cold killers, and are just fine with it.</Description>
  <Source>Edge of the Empire Core Rulebook</Source>
  <Custom>DescOnly</Custom>
  <CareerSkills>
    <Key>MELEE</Key>
    <Key>RANGHVY</Key>
    <Key>SKUL</Key>
    <Key>STEAL</Key>
  </CareerSkills>
  <TalentRows>
    <TalentRow>
      <Cost>5</Cost>
      <Talents>
        <Key>GRIT</Key>
        <Key>LETHALBL</Key>
        <Key>STALK</Key>
        <Key>DODGE</Key>
      </Talents>
      <Directions>
        <Direction>
          <Down>true</Down>
        </Direction>
        <Direction>
          <Down>true</Down>
        </Direction>
        <Direction>
          <Down>true</Down>
        </Direction>
        <Direction>
          <Down>true</Down>
        </Direction>
      </Directions>
    </TalentRow>
    <TalentRow>
      <Index>1</Index>
      <Cost>10</Cost>
      <Talents>
        <Key>PRECAIM</Key>
        <Key>JUMP</Key>
        <Key>QUICKST</Key>
        <Key>QUICKDR</Key>
      </Talents>
      <Directions>
        <Direction>
          <Right>true</Right>
          <Up>true</Up>
          <Down>true</Down>
        </Direction>
        <Direction>
          <Left>true</Left>
          <Right>true</Right>
          <Up>true</Up>
          <Down>true</Down>
        </Direction>
        <Direction>
          <Left>true</Left>
          <Right>true</Right>
          <Up>true</Up>
          <Down>true</Down>
        </Direction>
        <Direction>
          <Left>true</Left>
          <Up>true</Up>
          <Down>true</Down>
        </Direction>
      </Directions>
    </TalentRow>
    <TalentRow>
      <Index>2</Index>
      <Cost>15</Cost>
      <Talents>
        <Key>TARGBL</Key>
        <Key>STALK</Key>
        <Key>LETHALBL</Key>
        <Key>ANAT</Key>
      </Talents>
      <Directions>
        <Direction>
          <Up>true</Up>
          <Down>true</Down>
        </Direction>
        <Direction>
          <Right>true</Right>
          <Up>true</Up>
          <Down>true</Down>
        </Direction>
        <Direction>
          <Left>true</Left>
          <Up>true</Up>
          <Down>true</Down>
        </Direction>
        <Direction>
          <Up>true</Up>
          <Down>true</Down>
        </Direction>
      </Directions>
    </TalentRow>
    <TalentRow>
      <Index>3</Index>
      <Cost>20</Cost>
      <Talents>
        <Key>STALK</Key>
        <Key>SNIPSHOT</Key>
        <Key>DODGE</Key>
        <Key>LETHALBL</Key>
      </Talents>
      <Directions>
        <Direction>
          <Right>true</Right>
          <Up>true</Up>
          <Down>true</Down>
        </Direction>
        <Direction>
          <Left>true</Left>
          <Up>true</Up>
          <Down>true</Down>
        </Direction>
        <Direction>
          <Up>true</Up>
          <Down>true</Down>
        </Direction>
        <Direction>
          <Up>true</Up>
          <Down>true</Down>
        </Direction>
      </Directions>
    </TalentRow>
    <TalentRow>
      <Index>4</Index>
      <Cost>25</Cost>
      <Talents>
        <Key>PRECAIM</Key>
        <Key>DEADACC</Key>
        <Key>DEDI</Key>
        <Key>MASSHAD</Key>
      </Talents>
      <Directions>
        <Direction>
          <Up>true</Up>
        </Direction>
        <Direction>
          <Up>true</Up>
        </Direction>
        <Direction>
          <Up>true</Up>
        </Direction>
        <Direction>
          <Up>true</Up>
        </Direction>
      </Directions>
    </TalentRow>
  </TalentRows>
</Specialization>