<?xml version="1.0"?>
<Specialization xmlns:xsi="http://www.w3.org/2001/XMLSchema-instance" xmlns:xsd="http://www.w3.org/2001/XMLSchema">
  <Key>COMMANDO</Key>
  <Name>Commando</Name>
  <Description>
    [H4]Commando - Strike the Target[h4]

Commandos are specialists trained to strike the enemy from unexpected directions to do the most damage in the most vulnerable locations. Commando teams are often used like surgical instruments by the commanders who have access to them. A Commando knows how to find a target, attack it, disable it, survive the aftermath, and find his way home. 

[P]Commandos gain [B]Brawl, Melee, Resilience,[b] and [B]Survival[b] as additional career skills. If Commando is the character's first specialization, two of these new career skills gain a free rank each. Commandos are masters of close combat and surviving in all conditions. They are usually good at sneaking past enemy guards and listening posts as well. 

[P]For any team, a Commando is a fine general-purpose combat specialist to have around. He handles fights well (especially hand-to-hand situations), and can manage in almost any high-stress situation. More often than not, he's also effective as backup during covert operations. Matters of overall philosophy or strategy rarely concern a Commando; he's almost always focused on the mission at hand or training to ensure he and his companions survive the next one. 

[P]As stand-up confrontations are normally a losing proposition for the Alliance, the Commandos are some of the most important and effective soldiers fighting for the Rebellion. Their capacity to surgically strike at Imperial targets, as well as their value as guards and support personnel for other specialists operating on behalf of the Alliance, makes any single one of them worth more than a platoon of stormtroopers.</Description>
  <Source>Age of Rebellion Core Rulebook</Source>
  <Custom>DescOnly</Custom>
  <CareerSkills>
    <Key>BRAWL</Key>
    <Key>MELEE</Key>
    <Key>RESIL</Key>
    <Key>SURV</Key>
  </CareerSkills>
  <TalentRows>
    <TalentRow>
      <Cost>5</Cost>
      <Talents>
        <Key>PHYSTRAIN</Key>
        <Key>GRIT</Key>
        <Key>TOUGH</Key>
        <Key>POINTBL</Key>
      </Talents>
      <Directions>
        <Direction>
          <Down>true</Down>
        </Direction>
        <Direction />
        <Direction>
          <Down>true</Down>
        </Direction>
        <Direction>
          <Down>true</Down>
        </Direction>
      </Directions>
    </TalentRow>
    <TalentRow>
      <Index>1</Index>
      <Cost>10</Cost>
      <Talents>
        <Key>TOUGH</Key>
        <Key>DURA</Key>
        <Key>PHYSTRAIN</Key>
        <Key>STRONG</Key>
      </Talents>
      <Directions>
        <Direction>
          <Right>true</Right>
          <Up>true</Up>
        </Direction>
        <Direction>
          <Left>true</Left>
          <Right>true</Right>
          <Down>true</Down>
        </Direction>
        <Direction>
          <Left>true</Left>
          <Right>true</Right>
          <Up>true</Up>
          <Down>true</Down>
        </Direction>
        <Direction>
          <Left>true</Left>
          <Up>true</Up>
          <Down>true</Down>
        </Direction>
      </Directions>
    </TalentRow>
    <TalentRow>
      <Index>2</Index>
      <Cost>15</Cost>
      <Talents>
        <Key>BLO</Key>
        <Key>ARM</Key>
        <Key>NATOUT</Key>
        <Key>FERSTR</Key>
      </Talents>
      <Directions>
        <Direction>
          <Right>true</Right>
          <Down>true</Down>
        </Direction>
        <Direction>
          <Left>true</Left>
          <Up>true</Up>
          <Down>true</Down>
        </Direction>
        <Direction>
          <Up>true</Up>
        </Direction>
        <Direction>
          <Up>true</Up>
          <Down>true</Down>
        </Direction>
      </Directions>
    </TalentRow>
    <TalentRow>
      <Index>3</Index>
      <Cost>20</Cost>
      <Talents>
        <Key>TOUGH</Key>
        <Key>HERO</Key>
        <Key>DURA</Key>
        <Key>KNOCK</Key>
      </Talents>
      <Directions>
        <Direction>
          <Right>true</Right>
          <Up>true</Up>
          <Down>true</Down>
        </Direction>
        <Direction>
          <Left>true</Left>
          <Right>true</Right>
          <Up>true</Up>
          <Down>true</Down>
        </Direction>
        <Direction>
          <Left>true</Left>
          <Down>true</Down>
        </Direction>
        <Direction>
          <Up>true</Up>
          <Down>true</Down>
        </Direction>
      </Directions>
    </TalentRow>
    <TalentRow>
      <Index>4</Index>
      <Cost>25</Cost>
      <Talents>
        <Key>ARMIMP</Key>
        <Key>DEDI</Key>
        <Key>UNSTOP</Key>
        <Key>FERSTR</Key>
      </Talents>
      <Directions>
        <Direction>
          <Up>true</Up>
        </Direction>
        <Direction>
          <Up>true</Up>
        </Direction>
        <Direction>
          <Up>true</Up>
        </Direction>
        <Direction>
          <Up>true</Up>
        </Direction>
      </Directions>
    </TalentRow>
  </TalentRows>
</Specialization>