<?xml version="1.0"?>
<Specialization xmlns:xsi="http://www.w3.org/2001/XMLSchema-instance" xmlns:xsd="http://www.w3.org/2001/XMLSchema">
  <Key>DEMOLITIONIST</Key>
  <Name>Demolitionist</Name>
  <Description>[H4]Demolitionist - Force of Destruction[h4]
Demolitionists are masters of explosives and Incendiary devices. Often seen as dangerous pyromaniacs, most Demolitionists possess a deep understanding of the physics behind combustion and explosion on an intuitive level as well as an academic one. They are not mindless destroyers, but artists. Demolitionists are adept at wreaking havoc while avoiding being injured by their own handiwork—most of the time. 

[P]A Demolitionist's additional career skills are [B]Computers, Cool, Mechanics,[b] and [B]Skulduggery[b]. If this is the character's starting specialization, he may choose two of these skills and gain one free rank in each, without spending starting experience. With this selection of skills, Demolitionists can be much more technically-minded than most Hired Guns. They are also suited to much more than straightforward combat. Demolitionists can excel at setting traps, from improvised trip-wires tied to grenades to sophisticated proximity and timed explosives. Whereas another Hired Gun might go after an enemy in a straight-up fight, a Demolitionist may find a more inventive route, such as rigging a thermal detonator to explode when the target starts up his speeder. Some Demolitionists enjoy the thrill of combat as much as any other Hired Gun. However, they favor flame projectors, grenade launchers, and missile tubes—anything that creates a large blast. 

[P]The work of a Demolitionist is extremely dangerous, as a single misstep can spell doom for the character (and anyone unfortunate enough to be in the general vicinity). In order to succeed, a Demolitionist must be able to keep a clear head and focus on his work, even as blaster bolts fill the air around him. As such, most Demolitionists are adept at staying cool in the most nerve-wracking situations. 

[P]In order to put their skills to the greatest use, Demolitionists must have an understanding of the principles of construction, as well as knowing how to construct their explosive devices. Both of these are where some skill with Mechanics becomes important. By knowing how a machine operates, or the load-bearing points of a structure, a Demolitionist can determine where to place explosives for the greatest effect. Similarly, Demolitionists know how to get the most from their tools, creating larger than expected explosions or causing devastating chain reactions. Demolitionists can use their creative talents for more than sheer destruction, and can usually be counted on to find an inventive route out of a dangerous situation. Of course, sometimes that plan is even more dangerous than the original threat. 

[P]For many groups, having a Demolitionist around is both a blessing and a curse. Demolitionists are very effective both in combat and in any job benefiting from sabotage. However, it is far from unheard of for Demolitionists to cause unintended collateral damage when things go really wrong. Fortunately, experienced Demolitionists rarely make mistakes (even if, in their profession, many mistakes tend to be final). Most individuals operating on the fringe understand that theirs is a life of danger, and think that the benefits of partnering with a skilled Demolitionist outweigh the added risk. Still, some grow weary of keeping a constant eye on their ally lest he get carried away in his destructive interests.</Description>
  <Source>Dangerous Covenants</Source>
  <Custom>DescOnly</Custom>
  <CareerSkills>
    <Key>COMP</Key>
    <Key>COOL</Key>
    <Key>MECH</Key>
    <Key>SKUL</Key>
  </CareerSkills>
  <TalentRows>
    <TalentRow>
      <Cost>5</Cost>
      <Talents>
        <Key>PWRBLST</Key>
        <Key>GRIT</Key>
        <Key>SELDETON</Key>
        <Key>STEADYNERVES</Key>
      </Talents>
      <Directions>
        <Direction>
          <Down>true</Down>
        </Direction>
        <Direction>
          <Down>true</Down>
        </Direction>
        <Direction />
        <Direction>
          <Down>true</Down>
        </Direction>
      </Directions>
    </TalentRow>
    <TalentRow>
      <Index>1</Index>
      <Cost>10</Cost>
      <Talents>
        <Key>TOUGH</Key>
        <Key>TIME2GO</Key>
        <Key>PWRBLST</Key>
        <Key>GRIT</Key>
      </Talents>
      <Directions>
        <Direction>
          <Up>true</Up>
          <Down>true</Down>
        </Direction>
        <Direction>
          <Up>true</Up>
          <Down>true</Down>
        </Direction>
        <Direction>
          <Right>true</Right>
          <Down>true</Down>
        </Direction>
        <Direction>
          <Left>true</Left>
          <Up>true</Up>
          <Down>true</Down>
        </Direction>
      </Directions>
    </TalentRow>
    <TalentRow>
      <Index>2</Index>
      <Cost>15</Cost>
      <Talents>
        <Key>ENDUR</Key>
        <Key>TIME2GOIMP</Key>
        <Key>STEADYNERVES</Key>
        <Key>RAPREA</Key>
      </Talents>
      <Directions>
        <Direction>
          <Up>true</Up>
          <Down>true</Down>
        </Direction>
        <Direction>
          <Up>true</Up>
        </Direction>
        <Direction>
          <Up>true</Up>
          <Down>true</Down>
        </Direction>
        <Direction>
          <Up>true</Up>
          <Down>true</Down>
        </Direction>
      </Directions>
    </TalentRow>
    <TalentRow>
      <Index>3</Index>
      <Cost>20</Cost>
      <Talents>
        <Key>IMPDET</Key>
        <Key>PWRBLST</Key>
        <Key>GRIT</Key>
        <Key>SELDETON</Key>
      </Talents>
      <Directions>
        <Direction>
          <Right>true</Right>
          <Up>true</Up>
          <Down>true</Down>
        </Direction>
        <Direction>
          <Left>true</Left>
          <Right>true</Right>
        </Direction>
        <Direction>
          <Left>true</Left>
          <Right>true</Right>
          <Up>true</Up>
          <Down>true</Down>
        </Direction>
        <Direction>
          <Left>true</Left>
          <Up>true</Up>
        </Direction>
      </Directions>
    </TalentRow>
    <TalentRow>
      <Index>4</Index>
      <Cost>25</Cost>
      <Talents>
        <Key>IMPDETIMP</Key>
        <Key>DEDI</Key>
        <Key>MASGREN</Key>
        <Key>SELDETON</Key>
      </Talents>
      <Directions>
        <Direction>
          <Up>true</Up>
        </Direction>
        <Direction>
          <Right>true</Right>
        </Direction>
        <Direction>
          <Left>true</Left>
          <Right>true</Right>
          <Up>true</Up>
        </Direction>
        <Direction>
          <Left>true</Left>
        </Direction>
      </Directions>
    </TalentRow>
  </TalentRows>
</Specialization>