<?xml version="1.0"?>
<Specialization xmlns:xsi="http://www.w3.org/2001/XMLSchema-instance" xmlns:xsd="http://www.w3.org/2001/XMLSchema">
  <Key>PATH</Key>
  <Name>Pathfinder</Name>
  <Description>[H4]Pathfinder[h4]

Few are as capable of exploring a planet and discovering its secrets as a Pathfinder. The combination of Pathfinders' Force talents and their training enables them to quickly and precisely complete a search, even under the most adverse conditions. A Pathfinder can survive in a hostile wilderness for weeks or months, living off the land with minimal supplies and possibly a faithful companion animal. In fact, some Pathfinders are said to be able to bond with their companions through the Force, communicating with them mentally, seeing through their senses, and even directing their actions. 
[P]Pathfinders acquire [B]Medicine, Ranged (Light), Resilience,[b] and [B]Survival[b] as additional career skills. If this is the character's starting specialization, he may choose two of these skills and gain one free rank in each, without spending starting experience. These skills are focused on complementing the Seeker's career skills, so that the character becomes even more capable of operating independently. The addition of Medicine is primarily for personal benefit but can also be useful in aiding the character's companions. 
[P]Some Pathfinders follow this career because they discover they have a knack for independent survival. This is most commonly true for Force-sensitive Individuals who matured on primitive and uncivilized planets. If his small community was surrounded by hostile wilderness, a character is certain to have spent his youth exploring that environment—likely making friends with many of the wild animals present there. Pathfinders' natural abilities likely led them to a position of some responsibility within their tribe. Their roles might have included securing the safety of the surrounding wilderness and maintaining any trails leading to agricultural resources or other necessities needed by the community's residents. 

[P]Others who follow the Pathfinder career do so out of a preference for the company of animals over that of sentient beings. Through their Force abilities, some learn to establish effective communications with the relatively primitive minds. In these interactions, they find that they enjoy the sincerity and straightforward nature of wild creatures.</Description>
  <Source>Force and Destiny Core Rulebook</Source>
  <Custom>DescOnly</Custom>
  <CareerSkills>
    <Key>MED</Key>
    <Key>RANGLT</Key>
    <Key>RESIL</Key>
    <Key>SURV</Key>
  </CareerSkills>
  <TalentRows>
    <TalentRow>
      <Cost>5</Cost>
      <Talents>
        <Key>GRIT</Key>
        <Key>KEENEYED</Key>
        <Key>FORAG</Key>
        <Key>SWIFT</Key>
      </Talents>
      <Directions>
        <Direction>
          <Down>true</Down>
        </Direction>
        <Direction>
          <Down>true</Down>
        </Direction>
        <Direction>
          <Down>true</Down>
        </Direction>
        <Direction>
          <Down>true</Down>
        </Direction>
      </Directions>
    </TalentRow>
    <TalentRow>
      <Cost>10</Cost>
      <Talents>
        <Key>KEENEYED</Key>
        <Key>OUTDOOR</Key>
        <Key>TOUGH</Key>
        <Key>OUTDOOR</Key>
      </Talents>
      <Directions>
        <Direction>
          <Right>true</Right>
          <Up>true</Up>
          <Down>true</Down>
        </Direction>
        <Direction>
          <Left>true</Left>
          <Right>true</Right>
          <Up>true</Up>
        </Direction>
        <Direction>
          <Left>true</Left>
          <Right>true</Right>
          <Up>true</Up>
          <Down>true</Down>
        </Direction>
        <Direction>
          <Left>true</Left>
          <Up>true</Up>
        </Direction>
      </Directions>
    </TalentRow>
    <TalentRow>
      <Cost>15</Cost>
      <Talents>
        <Key>ANIMALEMP</Key>
        <Key>ANIMALBOND</Key>
        <Key>GRIT</Key>
        <Key>SLEIGHTMIND</Key>
      </Talents>
      <Directions>
        <Direction>
          <Right>true</Right>
          <Up>true</Up>
          <Down>true</Down>
        </Direction>
        <Direction>
          <Left>true</Left>
          <Down>true</Down>
        </Direction>
        <Direction>
          <Right>true</Right>
          <Up>true</Up>
          <Down>true</Down>
        </Direction>
        <Direction>
          <Left>true</Left>
        </Direction>
      </Directions>
    </TalentRow>
    <TalentRow>
      <Cost>20</Cost>
      <Talents>
        <Key>MENTBOND</Key>
        <Key>FORCERAT</Key>
        <Key>QUICKMOVE</Key>
        <Key>TOUGH</Key>
      </Talents>
      <Directions>
        <Direction>
          <Right>true</Right>
          <Up>true</Up>
          <Down>true</Down>
        </Direction>
        <Direction>
          <Left>true</Left>
          <Up>true</Up>
        </Direction>
        <Direction>
          <Right>true</Right>
          <Up>true</Up>
          <Down>true</Down>
        </Direction>
        <Direction>
          <Left>true</Left>
        </Direction>
      </Directions>
    </TalentRow>
    <TalentRow>
      <Cost>25</Cost>
      <Talents>
        <Key>SHAREPAIN</Key>
        <Key>ENDUR</Key>
        <Key>NATOUT</Key>
        <Key>DEDI</Key>
      </Talents>
      <Directions>
        <Direction>
          <Up>true</Up>
        </Direction>
        <Direction>
          <Right>true</Right>
        </Direction>
        <Direction>
          <Left>true</Left>
          <Right>true</Right>
          <Up>true</Up>
        </Direction>
        <Direction>
          <Left>true</Left>
        </Direction>
      </Directions>
    </TalentRow>
  </TalentRows>
</Specialization>