<?xml version="1.0"?>
<Specialization xmlns:xsi="http://www.w3.org/2001/XMLSchema-instance" xmlns:xsd="http://www.w3.org/2001/XMLSchema">
  <Key>PEACE</Key>
  <Name>Peacekeeper</Name>
  <Description>[H4]Peacekeeper[h4]

Across the galaxy, there are always tyrants, and those unlucky enough to suffer under their rule. Some Guardians take direct action through military force to attempt to overthrow such despots. Other Guardians see wars ravaging planets and harming the weak and defenseless. They step in to defend those innocents, and enforce peace at the tip of a lightsaber. These Guardians are often known as Peacekeepers. 

[P]Peacekeepers acquire [B]Discipline, Leadership, Perception,[b] and [B]Piloting (Planetary)[b] as additional career skills, and if this is the PC's starting specialization, the PC gains one rank in each of two of these skills. This combination ensures that they can recognize threats and respond to them in an effective and timely manner. Skilled Peacekeepers must be able to effectively delegate assignments to allies while reserving themselves to confront the challenges for which they are most adept. 

[P]Many Peacekeepers only assume this specialization after they have been thrust into a position of authority—sometimes repeatedly. Because of their naturally protective personalities, these Guardians want to do everything in their power to protect their friends. Often, they decide the best choice is to become the best leader they can, out of a sense of responsibility rather than a desire for power. 

[P]Characters who pursue the Peacekeeper's path seldom limit their activities to a single region. Often once one region has been pacified or a tyrant overthrown, a Peacekeeper sets his sight on the next challenge and leads his friends and fellow freedom fighters to overcome it. Under the shadow of the Empire, Peacekeepers are always needed.</Description>
  <Source>Force and Destiny Core Rulebook</Source>
  <Custom>DescOnly</Custom>
  <CareerSkills>
    <Key>DISC</Key>
    <Key>LEAD</Key>
    <Key>PERC</Key>
    <Key>PILOTPL</Key>
  </CareerSkills>
  <TalentRows>
    <TalentRow>
      <Cost>5</Cost>
      <Talents>
        <Key>COM</Key>
        <Key>CONF</Key>
        <Key>SECWIND</Key>
        <Key>COMMPRES</Key>
      </Talents>
      <Directions>
        <Direction>
          <Down>true</Down>
        </Direction>
        <Direction />
        <Direction />
        <Direction>
          <Down>true</Down>
        </Direction>
      </Directions>
    </TalentRow>
    <TalentRow>
      <Cost>10</Cost>
      <Talents>
        <Key>COMMPRES</Key>
        <Key>TOUGH</Key>
        <Key>SECWIND</Key>
        <Key>CONF</Key>
      </Talents>
      <Directions>
        <Direction>
          <Right>true</Right>
          <Up>true</Up>
        </Direction>
        <Direction>
          <Left>true</Left>
          <Right>true</Right>
          <Down>true</Down>
        </Direction>
        <Direction>
          <Left>true</Left>
          <Right>true</Right>
          <Down>true</Down>
        </Direction>
        <Direction>
          <Left>true</Left>
          <Up>true</Up>
        </Direction>
      </Directions>
    </TalentRow>
    <TalentRow>
      <Cost>15</Cost>
      <Talents>
        <Key>TOUGH</Key>
        <Key>ENHLEAD</Key>
        <Key>COM</Key>
        <Key>FLDCOMM</Key>
      </Talents>
      <Directions>
        <Direction>
          <Right>true</Right>
          <Down>true</Down>
        </Direction>
        <Direction>
          <Left>true</Left>
          <Right>true</Right>
          <Up>true</Up>
        </Direction>
        <Direction>
          <Left>true</Left>
          <Right>true</Right>
          <Up>true</Up>
        </Direction>
        <Direction>
          <Left>true</Left>
          <Down>true</Down>
        </Direction>
      </Directions>
    </TalentRow>
    <TalentRow>
      <Cost>20</Cost>
      <Talents>
        <Key>STNERV</Key>
        <Key>SECWIND</Key>
        <Key>TOUGH</Key>
        <Key>FLDCOMMIMP</Key>
      </Talents>
      <Directions>
        <Direction>
          <Right>true</Right>
          <Up>true</Up>
          <Down>true</Down>
        </Direction>
        <Direction>
          <Left>true</Left>
          <Right>true</Right>
          <Down>true</Down>
        </Direction>
        <Direction>
          <Left>true</Left>
          <Right>true</Right>
          <Down>true</Down>
        </Direction>
        <Direction>
          <Left>true</Left>
          <Up>true</Up>
          <Down>true</Down>
        </Direction>
      </Directions>
    </TalentRow>
    <TalentRow>
      <Cost>25</Cost>
      <Talents>
        <Key>UNITYASSAULT</Key>
        <Key>DEDI</Key>
        <Key>FORCERAT</Key>
        <Key>NATLEAD</Key>
      </Talents>
      <Directions>
        <Direction>
          <Up>true</Up>
        </Direction>
        <Direction>
          <Up>true</Up>
        </Direction>
        <Direction>
          <Up>true</Up>
        </Direction>
        <Direction>
          <Up>true</Up>
        </Direction>
      </Directions>
    </TalentRow>
  </TalentRows>
</Specialization>