<?xml version="1.0"?>
<Specialization xmlns:xsi="http://www.w3.org/2001/XMLSchema-instance" xmlns:xsd="http://www.w3.org/2001/XMLSchema">
  <Key>POLITICO</Key>
  <Name>Politico</Name>
  <Description>[H4]Politico - The Gift of Leadership[h4]

[P]If there is one thing a Politico knows how to do better than anyone else in the galaxy, it's talking. He can talk to anyone about anything in any necessary way. What others accomplish with might and fear, a talented Politico may well achieve with a few well-placed words and a decent plan. 

[P]Politicos gain the Career skills of [B]Charm, Coercion, Deception,[b] and [B]Knowledge (Core Worlds)[b]. If this is the character's starting Specialization, he may choose two of these skills and gain one free rank in each, without spending starting experience. A Politico might join a discussion, speech, or debate in any number of ways. With his talents, he might act to inspire greatness in those around him, or he might know just what to say to cut an opponent to the core, diminishing his confidence and leaving him vulnerable. 
[P]Politicos in the Outer Rim are usually up to something; ambition is hardwired into their very being. They may not yet know what they wish to accomplish, but when they see an opportunity to achieve some kind of greater goal, they will turn all their will and personality towards achieving it. Politicos might sign on to temporarily work for another, but they will not long be happy in a subservient role. Leadership is the core of who they are. 

[P]In a group, the Politico works best as the front-man, or the "face." More than anyone, he is best suited for initial contacts with any being or group, and he's the best to have at any negotiation, social gathering, or interrogation. There are even times when he can bring up morale in combat and crisis situations, though the palace throne room, corporate board room, or casino floor tend to be better battlefields for him.</Description>
  <Source>Edge of the Empire Core Rulebook</Source>
  <Custom>DescOnly</Custom>
  <CareerSkills>
    <Key>CHARM</Key>
    <Key>COERC</Key>
    <Key>DECEP</Key>
    <Key>CORE</Key>
  </CareerSkills>
  <TalentRows>
    <TalentRow>
      <Cost>5</Cost>
      <Talents>
        <Key>KILL</Key>
        <Key>GRIT</Key>
        <Key>PLAUSDEN</Key>
        <Key>TOUGH</Key>
      </Talents>
      <Directions>
        <Direction>
          <Down>true</Down>
        </Direction>
        <Direction>
          <Down>true</Down>
        </Direction>
        <Direction>
          <Down>true</Down>
        </Direction>
        <Direction>
          <Down>true</Down>
        </Direction>
      </Directions>
    </TalentRow>
    <TalentRow>
      <Index>1</Index>
      <Cost>10</Cost>
      <Talents>
        <Key>INSPRHET</Key>
        <Key>KILL</Key>
        <Key>SCATH</Key>
        <Key>PLAUSDEN</Key>
      </Talents>
      <Directions>
        <Direction>
          <Right>true</Right>
          <Up>true</Up>
          <Down>true</Down>
        </Direction>
        <Direction>
          <Left>true</Left>
          <Up>true</Up>
        </Direction>
        <Direction>
          <Right>true</Right>
          <Up>true</Up>
        </Direction>
        <Direction>
          <Left>true</Left>
          <Up>true</Up>
          <Down>true</Down>
        </Direction>
      </Directions>
    </TalentRow>
    <TalentRow>
      <Index>2</Index>
      <Cost>15</Cost>
      <Talents>
        <Key>DODGE</Key>
        <Key>INSPRHETIMP</Key>
        <Key>SCATHIMP</Key>
        <Key>WELLROUND</Key>
      </Talents>
      <Directions>
        <Direction>
          <Right>true</Right>
          <Up>true</Up>
          <Down>true</Down>
        </Direction>
        <Direction>
          <Left>true</Left>
          <Down>true</Down>
        </Direction>
        <Direction>
          <Right>true</Right>
          <Down>true</Down>
        </Direction>
        <Direction>
          <Left>true</Left>
          <Up>true</Up>
          <Down>true</Down>
        </Direction>
      </Directions>
    </TalentRow>
    <TalentRow>
      <Index>3</Index>
      <Cost>20</Cost>
      <Talents>
        <Key>GRIT</Key>
        <Key>INSPRHETSUP</Key>
        <Key>SCATHSUP</Key>
        <Key>NOBFOOL</Key>
      </Talents>
      <Directions>
        <Direction>
          <Up>true</Up>
          <Down>true</Down>
        </Direction>
        <Direction>
          <Up>true</Up>
        </Direction>
        <Direction>
          <Up>true</Up>
        </Direction>
        <Direction>
          <Up>true</Up>
          <Down>true</Down>
        </Direction>
      </Directions>
    </TalentRow>
    <TalentRow>
      <Index>4</Index>
      <Cost>25</Cost>
      <Talents>
        <Key>STNERV</Key>
        <Key>DEDI</Key>
        <Key>NATCHARM</Key>
        <Key>INTENSPRE</Key>
      </Talents>
      <Directions>
        <Direction>
          <Right>true</Right>
          <Up>true</Up>
        </Direction>
        <Direction>
          <Left>true</Left>
          <Right>true</Right>
        </Direction>
        <Direction>
          <Left>true</Left>
          <Right>true</Right>
        </Direction>
        <Direction>
          <Left>true</Left>
          <Up>true</Up>
        </Direction>
      </Directions>
    </TalentRow>
  </TalentRows>
</Specialization>