<?xml version="1.0"?>
<Specialization xmlns:xsi="http://www.w3.org/2001/XMLSchema-instance" xmlns:xsd="http://www.w3.org/2001/XMLSchema">
  <Key>PROPAGANDIST</Key>
  <Name>Propagandist</Name>
  <Description>[H4]Propagandist - From a Certain Point of View[h4]

Truth is often a matter of perspective, and Propagandists serve the Rebel Alliance by skewing this perspective in favor of their cause. To the Propagandist, truth is just as much worth pursuing as it is worth manipulating. Whether simply leaking the right facts to shift public opinion or creating outright fabrications to demoralize the enemy, a Propagandist understands the power of perception.

[P]Propagandists gain [B]Charm, Deception, Knowledge (Warfare),[b] and [B]Perception[b] as additional career skills. If this is the character's starting specialization, he may choose two of these skills, gaining one free rank in each without spending starting experience. Propagandists leverage Perception to uncover the truth and use Charm or Deception to spin it to benefit the Rebel Alliance. Some Propagandists focus more on either weaving compelling rhetoric or telling believable lies, while others prefer to gain ranks in Charm and Deception equally, giving them maximum flexibility. 

[P]Propagandists play an important role in the Galactic Civil War. Even as the battles rage on and above many oppressed worlds, the Rebel Alliance wages an equally important struggle for the support of the galactic citizenry. While the Empire's evil is obvious to most, few possess the courage to stand against such a brutal enemy. Propagandists must sway these people, distributing persuasive information as far and wide as possible, inspiring heroism in everyday citizens. 

[P]Ideally, a Propagandist reveals truths that the Empire would conceal: galactic atrocities, corruption, and the terrible cost of its policies. However, few Propagandists deal strictly in truth as such, more likely distributing misinformation to enrage the oppressed. Criticizing the ethics of such tactics is difficult when they serve the cause so effectively. Propagandists might argue that small lies expose much greater truths that the Empire tries to conceal. For some, news is as much a business as a political pursuit, while for others, propaganda is of paramount importance.

[P]In a group of Player Characters, a Propagandist can act as a master of information collection, interviewing civilians and even military personnel for rumors and secrets. Perhaps even more importantly, by planting information in the right ears, a skilled Propagandist can demoralize enemies, manipulating them into believing untruths. For this, a Propagandist is well served by a high Cunning and a high Presence. </Description>
  <Source>Desperate Allies</Source>
  <Custom>DescOnly</Custom>
  <CareerSkills>
    <Key>CHARM</Key>
    <Key>DECEP</Key>
    <Key>PERC</Key>
    <Key>WARF</Key>
  </CareerSkills>
  <TalentRows>
    <TalentRow>
      <Cost>5</Cost>
      <Talents>
        <Key>GRIT</Key>
        <Key>POSSPIN</Key>
        <Key>INKNOW</Key>
        <Key>CUTQUEST</Key>
      </Talents>
      <Directions>
        <Direction>
          <Down>true</Down>
        </Direction>
        <Direction>
          <Down>true</Down>
        </Direction>
        <Direction>
          <Down>true</Down>
        </Direction>
        <Direction>
          <Down>true</Down>
        </Direction>
      </Directions>
    </TalentRow>
    <TalentRow>
      <Cost>10</Cost>
      <Talents>
        <Key>INKNOW</Key>
        <Key>POSSPINIMP</Key>
        <Key>POSSPIN</Key>
        <Key>TOUGH</Key>
      </Talents>
      <Directions>
        <Direction>
          <Up>true</Up>
          <Down>true</Down>
        </Direction>
        <Direction>
          <Up>true</Up>
          <Down>true</Down>
        </Direction>
        <Direction>
          <Up>true</Up>
          <Down>true</Down>
        </Direction>
        <Direction>
          <Up>true</Up>
        </Direction>
      </Directions>
    </TalentRow>
    <TalentRow>
      <Cost>15</Cost>
      <Talents>
        <Key>BADPRESS</Key>
        <Key>WELLROUND</Key>
        <Key>GRIT</Key>
        <Key>CONF</Key>
      </Talents>
      <Directions>
        <Direction>
          <Right>true</Right>
          <Up>true</Up>
          <Down>true</Down>
        </Direction>
        <Direction>
          <Left>true</Left>
          <Right>true</Right>
          <Up>true</Up>
        </Direction>
        <Direction>
          <Left>true</Left>
          <Right>true</Right>
          <Up>true</Up>
          <Down>true</Down>
        </Direction>
        <Direction>
          <Left>true</Left>
          <Down>true</Down>
        </Direction>
      </Directions>
    </TalentRow>
    <TalentRow>
      <Cost>20</Cost>
      <Talents>
        <Key>TOUGH</Key>
        <Key>CONF</Key>
        <Key>DODGE</Key>
        <Key>INFORM</Key>
      </Talents>
      <Directions>
        <Direction>
          <Right>true</Right>
          <Up>true</Up>
          <Down>true</Down>
        </Direction>
        <Direction>
          <Left>true</Left>
          <Right>true</Right>
          <Down>true</Down>
        </Direction>
        <Direction>
          <Left>true</Left>
          <Right>true</Right>
          <Up>true</Up>
        </Direction>
        <Direction>
          <Left>true</Left>
          <Up>true</Up>
          <Down>true</Down>
        </Direction>
      </Directions>
    </TalentRow>
    <TalentRow>
      <Cost>25</Cost>
      <Talents>
        <Key>POSSPIN</Key>
        <Key>DEDI</Key>
        <Key>INKNOWIMP</Key>
        <Key>INKNOW</Key>
      </Talents>
      <Directions>
        <Direction>
          <Right>true</Right>
          <Up>true</Up>
        </Direction>
        <Direction>
          <Left>true</Left>
          <Up>true</Up>
        </Direction>
        <Direction>
          <Right>true</Right>
        </Direction>
        <Direction>
          <Left>true</Left>
          <Up>true</Up>
        </Direction>
      </Directions>
    </TalentRow>
  </TalentRows>
</Specialization>