<?xml version="1.0"?>
<Specialization xmlns:xsi="http://www.w3.org/2001/XMLSchema-instance" xmlns:xsd="http://www.w3.org/2001/XMLSchema">
  <Key>RIGGER</Key>
  <Name>Rigger</Name>
  <Description>[H4]Rigger - Vehicular Innovator[h4]

While most Rebel Aces operate standard vehicles maintained by engineering crews, a surprising number bring their own private vehicles with them into a fight. The Rigger doesn't believe in risking his life from the seat of a stock-class anything, and is always adding, tweaking, and fine-tuning his vehicle not only to achieve the highest performance, but also to bring unexpected surprises with him to the battlefield.

[P]Considering how outnumbered the Rebels find themselves in almost every engagement, it is no wonder that some of the Rebel Aces have taken it upon themselves to increase their survivability by learning about their vehicle. Riggers tend to have the highest rate of survivability in combat, and their offensive output at the start of a combat engagement can sometimes end a fight before it begins. 
[P]Riggers receive [B]Gunnery, Knowledge (Underworld), Mechanics,[b] and [B]Resilience[b] as additional career skills. If this is the character's starting specialization, he gains one free rank in each of two of these skills of his choice, without spending experience. The Rigger is fascinated with the golden age of innovation in starship engineering that exists during the Galactic Civil War. He keeps up to date with the latest technical journals and even trolls shadowfeeds, following his favorite engineers. He has a number of friends in the underworld's outlaw tech community, who provide parts and kits to test on his vehicle of choice. If his ship is somehow blasted and left adrift, leave it to the Rigger to find some way to get it moving again. 
[P]The Rigger is resilient in the face of a challenge, and usually turns to technology to find a solution to most problems he might encounter. The Rigger believes in his customized ship's ability to outperform any other vessel on the battlefield. He has painstakingly fine-tuned it to fly faster and further, hit harder, and take more punishment than the competition. Despite his impressive ability to mitigate damage done to his ship, a Rigger is a cautious pilot, and bemoans every dent and scratch his ship accrues during a battle. If a Rigger finds he is still somehow outgunned, he can jury-rig a special trick for the enemy on the fly to regain the technological advantage. 
[P]Most every team can benefit from a Rigger within their unit. Riggers bring a technological expertise that can apply to a variety of circumstances, and in combat, their vehicles are extremely durable offensive juggernauts. Riggers are also the only Ace to possess underworld contacts, which can prove useful for supplies, information, and even allies during missions. The biggest asset a Rigger brings to a team, though, is the element of surprise. Imperials don't expect an X-wing to have replaced its astromech slot with a bomb-bay—until the ordnance is already detonating across their carrier's bridge.</Description>
  <Source>Stay on Target</Source>
  <Custom>DescOnly</Custom>
  <CareerSkills>
    <Key>GUNN</Key>
    <Key>MECH</Key>
    <Key>RESIL</Key>
    <Key>UND</Key>
  </CareerSkills>
  <TalentRows>
    <TalentRow>
      <Cost>5</Cost>
      <Talents>
        <Key>BLA</Key>
        <Key>TOUGH</Key>
        <Key>GEARHD</Key>
        <Key>LARGEPROJ</Key>
      </Talents>
      <Directions>
        <Direction>
          <Down>true</Down>
        </Direction>
        <Direction />
        <Direction>
          <Down>true</Down>
        </Direction>
        <Direction>
          <Down>true</Down>
        </Direction>
      </Directions>
    </TalentRow>
    <TalentRow>
      <Cost>10</Cost>
      <Talents>
        <Key>GRIT</Key>
        <Key>FANCPAINT</Key>
        <Key>SIGVEH</Key>
        <Key>LARGEPROJ</Key>
      </Talents>
      <Directions>
        <Direction>
          <Up>true</Up>
          <Down>true</Down>
        </Direction>
        <Direction>
          <Right>true</Right>
        </Direction>
        <Direction>
          <Left>true</Left>
          <Up>true</Up>
          <Down>true</Down>
        </Direction>
        <Direction>
          <Up>true</Up>
        </Direction>
      </Directions>
    </TalentRow>
    <TalentRow>
      <Cost>15</Cost>
      <Talents>
        <Key>BLA</Key>
        <Key>OVERAMMO</Key>
        <Key>TUNEDTHRUST</Key>
        <Key>BOLSTARMOR</Key>
      </Talents>
      <Directions>
        <Direction>
          <Up>true</Up>
          <Down>true</Down>
        </Direction>
        <Direction>
          <Right>true</Right>
        </Direction>
        <Direction>
          <Left>true</Left>
          <Right>true</Right>
          <Up>true</Up>
          <Down>true</Down>
        </Direction>
        <Direction>
          <Left>true</Left>
          <Down>true</Down>
        </Direction>
      </Directions>
    </TalentRow>
    <TalentRow>
      <Cost>20</Cost>
      <Talents>
        <Key>TOUGH</Key>
        <Key>CUSTCOOL</Key>
        <Key>GEARHD</Key>
        <Key>FORTVAC</Key>
      </Talents>
      <Directions>
        <Direction>
          <Up>true</Up>
          <Down>true</Down>
        </Direction>
        <Direction>
          <Right>true</Right>
          <Down>true</Down>
        </Direction>
        <Direction>
          <Left>true</Left>
          <Up>true</Up>
          <Down>true</Down>
        </Direction>
        <Direction>
          <Up>true</Up>
          <Down>true</Down>
        </Direction>
      </Directions>
    </TalentRow>
    <TalentRow>
      <Cost>25</Cost>
      <Talents>
        <Key>DEDI</Key>
        <Key>TUNEDTHRUST</Key>
        <Key>NOTTODAY</Key>
        <Key>REINFRAME</Key>
      </Talents>
      <Directions>
        <Direction>
          <Up>true</Up>
        </Direction>
        <Direction>
          <Up>true</Up>
        </Direction>
        <Direction>
          <Up>true</Up>
        </Direction>
        <Direction>
          <Up>true</Up>
        </Direction>
      </Directions>
    </TalentRow>
  </TalentRows>
</Specialization>