<?xml version="1.0"?>
<Specialization xmlns:xsi="http://www.w3.org/2001/XMLSchema-instance" xmlns:xsd="http://www.w3.org/2001/XMLSchema">
  <Key>SABOTEUR</Key>
  <Name>Saboteur</Name>
  <Description>
    [H4]Saboteur - Making Thing Stop[h4]

Almost anathema to the usual technician's mentality, the Saboteur specializes in disrupting and destroying technical and mechanical assets. His job is to diminish the enemy's capacity to wage war by denying the enemy use of its weapons and vehicles. Of course, it takes a high degree of understanding about how something works in order to ensure it ceases working, or better still, to ensure it never works again. 

[P]For a Saboteur, [B]Coordination, Mechanics, Skulduggery,[b] and [B]Stealth[b] are all additional career skills, and if this is the first chosen specialization, the PC gains a free rank in two of these. Saboteurs are, by nature, covert operation specialists with a strong need to be able to sneak in and out of enemy facilities. In addition, they understand that disrupting the computer networks that run such facilities is a key to success. 

[P]Blowing things up is a popular way to commit sabotage, and Saboteurs are often the best at handling demolitions tasks (often using a combination of Mechanics and Skulduggery). However, there are many other ways to disrupt and destroy machinery, and the Saboteur knows them all. Most often, he will seek a way to cause the most damage and the most chaos at just the right moment. For the Saboteur (especially one with a sense of style), timing is everything. 
[P]The Alliance makes quiet yet effective use of its Saboteurs. Though terrorism is not a part of the battle plan (and is expressly forbidden by Mon Mothma and the rest of the Alliance Council), acts of military sabotage are known to be highly effective in evening the odds before a battle. Most commanders in the Rebellion will simply indicate a target and a time frame, allowing the Saboteur to use his creativity and resourcefulness to achieve the objective.</Description>
  <Source>Age of Rebellion Core Rulebook</Source>
  <Custom>DescOnly</Custom>
  <CareerSkills>
    <Key>COORD</Key>
    <Key>MECH</Key>
    <Key>SKUL</Key>
    <Key>STEAL</Key>
  </CareerSkills>
  <TalentRows>
    <TalentRow>
      <Cost>5</Cost>
      <Talents>
        <Key>RESOLVE</Key>
        <Key>SECWIND</Key>
        <Key>GRIT</Key>
        <Key>RAPREC</Key>
      </Talents>
      <Directions>
        <Direction>
          <Down>true</Down>
        </Direction>
        <Direction />
        <Direction />
        <Direction>
          <Down>true</Down>
        </Direction>
      </Directions>
    </TalentRow>
    <TalentRow>
      <Index>1</Index>
      <Cost>10</Cost>
      <Talents>
        <Key>GRIT</Key>
        <Key>PWRBLST</Key>
        <Key>TOUGH</Key>
        <Key>SECWIND</Key>
      </Talents>
      <Directions>
        <Direction>
          <Right>true</Right>
          <Up>true</Up>
        </Direction>
        <Direction>
          <Left>true</Left>
          <Right>true</Right>
          <Down>true</Down>
        </Direction>
        <Direction>
          <Left>true</Left>
          <Right>true</Right>
          <Down>true</Down>
        </Direction>
        <Direction>
          <Left>true</Left>
          <Up>true</Up>
        </Direction>
      </Directions>
    </TalentRow>
    <TalentRow>
      <Index>2</Index>
      <Cost>15</Cost>
      <Talents>
        <Key>TIME2GO</Key>
        <Key>RAPREC</Key>
        <Key>RESOLVE</Key>
        <Key>HARDHD</Key>
      </Talents>
      <Directions>
        <Direction>
          <Right>true</Right>
          <Down>true</Down>
        </Direction>
        <Direction>
          <Left>true</Left>
          <Up>true</Up>
          <Down>true</Down>
        </Direction>
        <Direction>
          <Right>true</Right>
          <Up>true</Up>
        </Direction>
        <Direction>
          <Left>true</Left>
          <Down>true</Down>
        </Direction>
      </Directions>
    </TalentRow>
    <TalentRow>
      <Index>3</Index>
      <Cost>20</Cost>
      <Talents>
        <Key>TIME2GOIMP</Key>
        <Key>PWRBLST</Key>
        <Key>SELDETON</Key>
        <Key>TOUGH</Key>
      </Talents>
      <Directions>
        <Direction>
          <Up>true</Up>
        </Direction>
        <Direction>
          <Right>true</Right>
          <Up>true</Up>
          <Down>true</Down>
        </Direction>
        <Direction>
          <Left>true</Left>
          <Down>true</Down>
        </Direction>
        <Direction>
          <Up>true</Up>
          <Down>true</Down>
        </Direction>
      </Directions>
    </TalentRow>
    <TalentRow>
      <Index>4</Index>
      <Cost>25</Cost>
      <Talents>
        <Key>DEDI</Key>
        <Key>MASGREN</Key>
        <Key>SELDETON</Key>
        <Key>HARDHDIMP</Key>
      </Talents>
      <Directions>
        <Direction>
          <Right>true</Right>
        </Direction>
        <Direction>
          <Left>true</Left>
          <Up>true</Up>
        </Direction>
        <Direction>
          <Up>true</Up>
        </Direction>
        <Direction>
          <Up>true</Up>
        </Direction>
      </Directions>
    </TalentRow>
  </TalentRows>
</Specialization>