<?xml version="1.0"?>
<Specialization xmlns:xsi="http://www.w3.org/2001/XMLSchema-instance" xmlns:xsd="http://www.w3.org/2001/XMLSchema">
  <Key>SCHOLAR</Key>
  <Name>Scholar</Name>
  <Description>[H4]Scholar - The Gift of Knowledge[h4]

[P]At first, the idea of a Scholar wandering with a bunch of ne'er-do-wells in the Outer Rim might seem a bit odd, if not downright ridiculous. However, with all of the dangers and wonders of "a thousand thousand worlds,' having someone around who actually knows something more than how to reload a heavy blaster could be exceedingly useful under any number of circumstances. This is especially true when a group is faced with something truly unknown, or needs to find something that simple tracking alone cannot locate.

[P][B]Knowledge (Outer Rim), Knowledge (Underworld), Knowledge (Xenology),[b] and [B]Perception[b] are the Scholar's bonus career skills from his specialization. If this is the character's starting Specialization, he may choose two of these skills and gain one free rank in each, without spending starting experience. These skills emphasize both his role as a font of information and his keen awareness of his surroundings. 

[P]Even in the Outer Rim, there are those who have a keen respect for knowledge and learning. Even criminal overlords find having some "brains" around helps them when they want to expand their operations or exploit a new opportunity. Other Scholars, however, are far more interested in getting out into the galaxy, seeing for themselves the things they wish to study, and digging around in ancient places for the lost knowledge they want to uncover. 

[P]A Scholar in a group is very likely of the field researcher variety; seeking allies with physical capabilities who can defend him is a matter of simple expediency. It may be that he's signed on with some kind of operation that actually has no direct impact on his research, but the group is likely to travel to places he wishes to go, which suits his desires well.</Description>
  <Source>Edge of the Empire Core Rulebook</Source>
  <Custom>DescOnly</Custom>
  <CareerSkills>
    <Key>OUT</Key>
    <Key>UND</Key>
    <Key>XEN</Key>
    <Key>PERC</Key>
  </CareerSkills>
  <TalentRows>
    <TalentRow>
      <Cost>5</Cost>
      <Talents>
        <Key>RESPSCHOL</Key>
        <Key>SPKBIN</Key>
        <Key>GRIT</Key>
        <Key>BRA</Key>
      </Talents>
      <Directions>
        <Direction>
          <Down>true</Down>
        </Direction>
        <Direction>
          <Down>true</Down>
        </Direction>
        <Direction>
          <Down>true</Down>
        </Direction>
        <Direction>
          <Down>true</Down>
        </Direction>
      </Directions>
    </TalentRow>
    <TalentRow>
      <Index>1</Index>
      <Cost>10</Cost>
      <Talents>
        <Key>RESEARCH</Key>
        <Key>RESPSCHOL</Key>
        <Key>RESOLVE</Key>
        <Key>RESEARCH</Key>
      </Talents>
      <Directions>
        <Direction>
          <Right>true</Right>
          <Up>true</Up>
          <Down>true</Down>
        </Direction>
        <Direction>
          <Left>true</Left>
          <Up>true</Up>
        </Direction>
        <Direction>
          <Right>true</Right>
          <Up>true</Up>
        </Direction>
        <Direction>
          <Left>true</Left>
          <Up>true</Up>
          <Down>true</Down>
        </Direction>
      </Directions>
    </TalentRow>
    <TalentRow>
      <Index>2</Index>
      <Cost>15</Cost>
      <Talents>
        <Key>COD</Key>
        <Key>KNOWSPEC</Key>
        <Key>NATSCH</Key>
        <Key>WELLROUND</Key>
      </Talents>
      <Directions>
        <Direction>
          <Right>true</Right>
          <Up>true</Up>
        </Direction>
        <Direction>
          <Left>true</Left>
          <Down>true</Down>
        </Direction>
        <Direction>
          <Right>true</Right>
          <Down>true</Down>
        </Direction>
        <Direction>
          <Left>true</Left>
          <Up>true</Up>
        </Direction>
      </Directions>
    </TalentRow>
    <TalentRow>
      <Index>3</Index>
      <Cost>20</Cost>
      <Talents>
        <Key>KNOWSPEC</Key>
        <Key>INTENSFOC</Key>
        <Key>CONF</Key>
        <Key>RESOLVE</Key>
      </Talents>
      <Directions>
        <Direction>
          <Right>true</Right>
          <Down>true</Down>
        </Direction>
        <Direction>
          <Left>true</Left>
          <Up>true</Up>
        </Direction>
        <Direction>
          <Right>true</Right>
          <Up>true</Up>
        </Direction>
        <Direction>
          <Left>true</Left>
          <Down>true</Down>
        </Direction>
      </Directions>
    </TalentRow>
    <TalentRow>
      <Index>4</Index>
      <Cost>25</Cost>
      <Talents>
        <Key>STRGEN</Key>
        <Key>MENTFOR</Key>
        <Key>DEDI</Key>
        <Key>TOUGH</Key>
      </Talents>
      <Directions>
        <Direction>
          <Right>true</Right>
          <Up>true</Up>
        </Direction>
        <Direction>
          <Left>true</Left>
          <Right>true</Right>
        </Direction>
        <Direction>
          <Left>true</Left>
          <Right>true</Right>
        </Direction>
        <Direction>
          <Left>true</Left>
          <Up>true</Up>
        </Direction>
      </Directions>
    </TalentRow>
  </TalentRows>
</Specialization>