<?xml version="1.0"?>
<Specialization xmlns:xsi="http://www.w3.org/2001/XMLSchema-instance" xmlns:xsd="http://www.w3.org/2001/XMLSchema">
  <Key>SCOUT</Key>
  <Name>Scout</Name>
  <Description>[H4]Scout - Discovering New Planets[h4]

[P]There's finding a planet, and then there's going down to the planet and seeing what's what. The Scout is the professional for the task, trained to survey and survive, gathering all of the information he can while keeping his head attached to his body. While bravery in combat is one thing, there can be no denying the fearlessness of anyone willing to touch down on a completely unknown planet and trudge about with only scanners and his wits to discover its secrets. 
[P]A Scout knows his way around in any environment, and he's both tough and knowledgeable enough to make the most of his situation. His additional Career skills make his job much easier: [B]Athletics, Medicine, Piloting (Planetary),[b] and [B]Survival[b]. If this is the character's starting Specialization, he may choose two of these skills and gain one free rank in each, without spending starting experience. Most Scouts are skilled at: covering any ground (or lack thereof); how to find what to eat and where to sleep; and how to survey an area and gather all the needed data. Scouts are often excellent at driving or piloting atmospheric craft as well. 

[P]There are plenty of Scouts that work either for the Empire or for corporations that actively seek out and survey planets for possible exploitation. They normally work with survey teams with excellent support and resources. Independent Scouts—like the one a player is likely to play—operate with a great deal more autonomy. They will find smaller operations to work with, ones with looser rules and regulations that let them operate more as they choose. Living by his toughness and wits as he must, a Scout will be surprisingly effective in most situations. After all, adapting to the unknown is a trademark talent of any Scout.</Description>
  <Sources>
    <Source>Edge of the Empire Core Rulebook</Source>
    <Source>Age of Rebellion Core Rulebook</Source>
  </Sources>
  <Custom>DescOnly</Custom>
  <CareerSkills>
    <Key>ATHL</Key>
    <Key>MED</Key>
    <Key>PILOTPL</Key>
    <Key>SURV</Key>
  </CareerSkills>
  <TalentRows>
    <TalentRow>
      <Cost>5</Cost>
      <Talents>
        <Key>RAPREC</Key>
        <Key>STALK</Key>
        <Key>GRIT</Key>
        <Key>SHORTCUT</Key>
      </Talents>
      <Directions>
        <Direction>
          <Down>true</Down>
        </Direction>
        <Direction>
          <Down>true</Down>
        </Direction>
        <Direction>
          <Down>true</Down>
        </Direction>
        <Direction>
          <Down>true</Down>
        </Direction>
      </Directions>
    </TalentRow>
    <TalentRow>
      <Index>1</Index>
      <Cost>10</Cost>
      <Talents>
        <Key>FORAG</Key>
        <Key>QUICKST</Key>
        <Key>LETSRIDE</Key>
        <Key>DISOR</Key>
      </Talents>
      <Directions>
        <Direction>
          <Right>true</Right>
          <Up>true</Up>
          <Down>true</Down>
        </Direction>
        <Direction>
          <Left>true</Left>
          <Right>true</Right>
          <Up>true</Up>
          <Down>true</Down>
        </Direction>
        <Direction>
          <Left>true</Left>
          <Right>true</Right>
          <Up>true</Up>
          <Down>true</Down>
        </Direction>
        <Direction>
          <Left>true</Left>
          <Up>true</Up>
          <Down>true</Down>
        </Direction>
      </Directions>
    </TalentRow>
    <TalentRow>
      <Index>2</Index>
      <Cost>15</Cost>
      <Talents>
        <Key>RAPREC</Key>
        <Key>NATHUN</Key>
        <Key>FAMSUNS</Key>
        <Key>SHORTCUT</Key>
      </Talents>
      <Directions>
        <Direction>
          <Up>true</Up>
          <Down>true</Down>
        </Direction>
        <Direction>
          <Up>true</Up>
          <Down>true</Down>
        </Direction>
        <Direction>
          <Up>true</Up>
          <Down>true</Down>
        </Direction>
        <Direction>
          <Up>true</Up>
          <Down>true</Down>
        </Direction>
      </Directions>
    </TalentRow>
    <TalentRow>
      <Index>3</Index>
      <Cost>20</Cost>
      <Talents>
        <Key>GRIT</Key>
        <Key>HEIGHT</Key>
        <Key>TOUGH</Key>
        <Key>QUICKST</Key>
      </Talents>
      <Directions>
        <Direction>
          <Up>true</Up>
          <Down>true</Down>
        </Direction>
        <Direction>
          <Up>true</Up>
        </Direction>
        <Direction>
          <Up>true</Up>
          <Down>true</Down>
        </Direction>
        <Direction>
          <Up>true</Up>
          <Down>true</Down>
        </Direction>
      </Directions>
    </TalentRow>
    <TalentRow>
      <Index>4</Index>
      <Cost>25</Cost>
      <Talents>
        <Key>UTIL</Key>
        <Key>DEDI</Key>
        <Key>STALK</Key>
        <Key>DISOR</Key>
      </Talents>
      <Directions>
        <Direction>
          <Right>true</Right>
          <Up>true</Up>
        </Direction>
        <Direction>
          <Left>true</Left>
          <Right>true</Right>
        </Direction>
        <Direction>
          <Left>true</Left>
          <Up>true</Up>
        </Direction>
        <Direction>
          <Up>true</Up>
        </Direction>
      </Directions>
    </TalentRow>
  </TalentRows>
</Specialization>