<?xml version="1.0"?>
<Vehicle xmlns:xsi="http://www.w3.org/2001/XMLSchema-instance" xmlns:xsd="http://www.w3.org/2001/XMLSchema">
  <Key>BLADE32</Key>
  <Name>Blade-32 Superiority Fighter</Name>
  <Description>[H3]Blade-32 Superiority Fighter[h3]
[P]The latest version of the most common starfighter producted on the little-known planet of Adumar, the Blade-32 is known to a few pilots in the Outer Rim as one of the most demanding machines in production. Featuring an impressively large missile capacity for its size and an unusual configuration of two laser cannons fore and aft, this craft often carries a dedicated aft gunner to take full advantage of its armaments. While the local version lacks a hyperdrive and functions best in an atmosphere, models sold offworld always contain this feature. Some have suggested using the base model as a startin gpoint for a mass-production fighter-bomber, but no major corporations have made serious efforts in this regard.</Description>
  <Source>Keeping the Peace</Source>
  <Custom>DescOnly</Custom>
  <Type>Starfighter</Type>
  <Categories>
    <Category>Starship</Category>
  </Categories>
  <HP>1</HP>
  <Price>60000</Price>
  <Rarity>7</Rarity>
  <HyperdrivePrimary>3</HyperdrivePrimary>
  <NaviComputer>true</NaviComputer>
  <Crew>One pilot, one aft gunner</Crew>
  <EncumbranceCapacity>10</EncumbranceCapacity>
  <Passengers>1</Passengers>
  <Consumables>One week</Consumables>
  <Silhouette>3</Silhouette>
  <Speed>4</Speed>
  <Handling>-2</Handling>
  <Armor>4</Armor>
  <HullTrauma>12</HullTrauma>
  <SystemStrain>8</SystemStrain>
  <Starship>true</Starship>
  <VehicleWeapons>
    <VehicleWeapon>
      <FiringArcs>
        <Fore>true</Fore>
      </FiringArcs>
      <Location>Forward</Location>
      <Qualities>
        <Quality>
          <Key>LINKED</Key>
          <Count>1</Count>
        </Quality>
      </Qualities>
      <Key>LASERLT</Key>
    </VehicleWeapon>
    <VehicleWeapon>
      <FiringArcs>
        <Aft>true</Aft>
      </FiringArcs>
      <Location>Aft</Location>
      <Qualities>
        <Quality>
          <Key>LINKED</Key>
          <Count>1</Count>
        </Quality>
      </Qualities>
      <Key>LASERLT</Key>
    </VehicleWeapon>
    <VehicleWeapon>
      <FiringArcs>
        <Fore>true</Fore>
      </FiringArcs>
      <Location>Forward</Location>
      <Qualities>
        <Quality>
          <Key>LINKED</Key>
          <Count>1</Count>
        </Quality>
      </Qualities>
      <Key>CML</Key>
    </VehicleWeapon>
  </VehicleWeapons>
  <SensorRange>Close</SensorRange>
</Vehicle>