<?xml version="1.0"?>
<Vehicle xmlns:xsi="http://www.w3.org/2001/XMLSchema-instance" xmlns:xsd="http://www.w3.org/2001/XMLSchema">
  <Key>CL1CLANCET</Key>
  <Name>CL-1c Lancet Interceptor</Name>
  <Description>
    [H3]CL-1c Lancet Interceptor[h3]

Sleek, fast, and agile, CL-1c Lancet fighters are designed to intercept and destroy enemy starfighters. A wingless, dart-shaped craft with a prominent vertical maneuvering fin, the Lancet has a powerful Girodyne Ter22 high-output ion engine that provides exceptional speed and acceleration, allowing it to overtake most other starcraft. Used extensively by the Judicial Department during the days of the Old Republic, the Lancet is still employed by the Corellian defense and CorSec forces.</Description>
  <Source>Suns of Fortune</Source>
  <Custom>DescOnly</Custom>
  <Type>Starfighter</Type>
  <Categories>
    <Category>Starship</Category>
  </Categories>
  <Price>55000</Price>
  <Rarity>5</Rarity>
  <HyperdrivePrimary>1</HyperdrivePrimary>
  <NaviComputer>true</NaviComputer>
  <Crew>One pilot</Crew>
  <EncumbranceCapacity>4</EncumbranceCapacity>
  <Passengers>1</Passengers>
  <Consumables>One day</Consumables>
  <Silhouette>3</Silhouette>
  <Speed>5</Speed>
  <Handling>1</Handling>
  <DefFore>1</DefFore>
  <Armor>2</Armor>
  <HullTrauma>6</HullTrauma>
  <SystemStrain>8</SystemStrain>
  <Starship>true</Starship>
  <SinglePilot>true</SinglePilot>
  <VehicleWeapons>
    <VehicleWeapon>
      <FiringArcs>
        <Fore>true</Fore>
      </FiringArcs>
      <Location>Forward</Location>
      <Qualities>
        <Quality>
          <Key>LINKED</Key>
          <Count>1</Count>
        </Quality>
      </Qualities>
      <Key>LASERMED</Key>
    </VehicleWeapon>
  </VehicleWeapons>
  <SensorRange>Close</SensorRange>
</Vehicle>