<?xml version="1.0"?>
<Vehicle xmlns:xsi="http://www.w3.org/2001/XMLSchema-instance" xmlns:xsd="http://www.w3.org/2001/XMLSchema">
  <Key>IMMOB418</Key>
  <Name>Immobilizer 418 Cruiser</Name>
  <Description>
    [H3]Immobilizer 418 Cruiser[h3]

The Immobilizer 418—commonly known as the Interdictor cruiser—is one of the most feared vessels currently in service with the Imperial Navy. It is infamous not for its weaponry (which is only useful in self defence) but for its gravity well projectors. Using these powerful gravity generation systems, an Interdictor can prevent fleeing starships from entering hyperspace in a certain region of space. When combined with more powerful warships such as Imperial Star Destroyers, the Interdictor cruiser can pin enemy fleets in place long enough for them to be destroyed.</Description>
  <Source>Age of Rebellion Beta Rulebook</Source>
  <Custom>DescOnly</Custom>
  <Type>Heavy Cruiser</Type>
  <Categories>
    <Category>Non-Fighter Starship</Category>
    <Category>Starship</Category>
    <Category>Capital Ship</Category>
  </Categories>
  <Price>10400000</Price>
  <Rarity>8</Rarity>
  <Restricted>true</Restricted>
  <HyperdrivePrimary>2</HyperdrivePrimary>
  <HyperdriveBackup>12</HyperdriveBackup>
  <StarFighters>24 starfighters</StarFighters>
  <NaviComputer>true</NaviComputer>
  <Crew>2807 officers, pilots, and enlisted</Crew>
  <EncumbranceCapacity>6500</EncumbranceCapacity>
  <Passengers>80</Passengers>
  <Consumables>Sixteen months</Consumables>
  <Silhouette>7</Silhouette>
  <Speed>3</Speed>
  <Handling>-1</Handling>
  <DefFore>3</DefFore>
  <DefAft>2</DefAft>
  <DefPort>2</DefPort>
  <DefStarboard>2</DefStarboard>
  <Armor>6</Armor>
  <HullTrauma>85</HullTrauma>
  <SystemStrain>55</SystemStrain>
  <Starship>true</Starship>
  <Massive>1</Massive>
  <VehicleWeapons>
    <VehicleWeapon>
      <FiringArcs>
        <Fore>true</Fore>
      </FiringArcs>
      <Turret>true</Turret>
      <Location>Dorsal</Location>
      <Key>LASERQUAD</Key>
      <Count>5</Count>
    </VehicleWeapon>
    <VehicleWeapon>
      <FiringArcs>
        <Fore>true</Fore>
      </FiringArcs>
      <Turret>true</Turret>
      <Location>Ventral</Location>
      <Key>LASERQUAD</Key>
      <Count>5</Count>
    </VehicleWeapon>
    <VehicleWeapon>
      <FiringArcs>
        <Fore>true</Fore>
        <Port>true</Port>
      </FiringArcs>
      <Turret>true</Turret>
      <Location>Port</Location>
      <Key>LASERQUAD</Key>
      <Count>4</Count>
    </VehicleWeapon>
    <VehicleWeapon>
      <FiringArcs>
        <Fore>true</Fore>
        <Starboard>true</Starboard>
      </FiringArcs>
      <Turret>true</Turret>
      <Location>Starboard</Location>
      <Key>LASERQUAD</Key>
      <Count>4</Count>
    </VehicleWeapon>
    <VehicleWeapon>
      <FiringArcs>
        <Aft>true</Aft>
      </FiringArcs>
      <Turret>true</Turret>
      <Location>Aft</Location>
      <Key>LASERQUAD</Key>
      <Count>3</Count>
    </VehicleWeapon>
  </VehicleWeapons>
  <SensorRange>Close</SensorRange>
</Vehicle>