<?xml version="1.0"?>
<Vehicle xmlns:xsi="http://www.w3.org/2001/XMLSchema-instance" xmlns:xsd="http://www.w3.org/2001/XMLSchema">
  <Key>IMPCUSTFRIG</Key>
  <Name>Imperial Customs Frigate</Name>
  <Description>[H3]Imperial Customs Frigate[h3]

Though designated as a frigate, Imperial Customs employs this ship as a large patrol boat to police the space lanes and starports of the Empire. Well-armored and -armed, the ship can contend with most pirates and smugglers it is likely to encounter, Imperial Customs frigates are typically captained by a customs inspector (see page 397 of the [B]Edge of the Empire[b] Core Rulebook), with a pilot, engineer, comms officer, and a squad of troopers. While customs frigates typically operate alone or in pairs, they sometimes provide support for the larger light corvettes operated by the Imperial Customs Office (see page 74 for more information). Pirates who manage to get their hands on a customs frigate will often use them to stop and capture freighters and transports without ever firing a shot.</Description>
  <Source>Fly Casual</Source>
  <Custom>DescOnly</Custom>
  <Type>Frigate</Type>
  <Categories>
    <Category>Starship</Category>
    <Category>Non-Fighter Starship</Category>
  </Categories>
  <HP>2</HP>
  <Price>140000</Price>
  <Rarity>6</Rarity>
  <Restricted>true</Restricted>
  <HyperdrivePrimary>2</HyperdrivePrimary>
  <HyperdriveBackup>15</HyperdriveBackup>
  <NaviComputer>true</NaviComputer>
  <Crew>One customs inspector/captain, one pilot, one engineer, one comms officer, six gunners, two customs agents/staff</Crew>
  <EncumbranceCapacity>140</EncumbranceCapacity>
  <Passengers>10</Passengers>
  <Consumables>Three months</Consumables>
  <Silhouette>4</Silhouette>
  <Speed>3</Speed>
  <Handling>-2</Handling>
  <DefFore>2</DefFore>
  <DefAft>1</DefAft>
  <Armor>4</Armor>
  <HullTrauma>28</HullTrauma>
  <SystemStrain>18</SystemStrain>
  <Starship>true</Starship>
  <VehicleWeapons>
    <VehicleWeapon>
      <FiringArcs>
        <Fore>true</Fore>
      </FiringArcs>
      <Location>Forward</Location>
      <Key>LASERHVY</Key>
      <Count>2</Count>
    </VehicleWeapon>
    <VehicleWeapon>
      <FiringArcs>
        <Aft>true</Aft>
      </FiringArcs>
      <Location>Aft</Location>
      <Key>LASERHVY</Key>
      <Count>2</Count>
    </VehicleWeapon>
    <VehicleWeapon>
      <FiringArcs>
        <Port>true</Port>
      </FiringArcs>
      <Location>Port</Location>
      <Key>LASERHVY</Key>
    </VehicleWeapon>
    <VehicleWeapon>
      <FiringArcs>
        <Starboard>true</Starboard>
      </FiringArcs>
      <Location>Starboard</Location>
      <Key>LASERHVY</Key>
    </VehicleWeapon>
    <VehicleWeapon>
      <FiringArcs>
        <Fore>true</Fore>
      </FiringArcs>
      <Location>Forward</Location>
      <Qualities>
        <Quality>
          <Key>TRACTOR</Key>
          <Count>1</Count>
        </Quality>
      </Qualities>
      <Key>TRACTLT</Key>
    </VehicleWeapon>
  </VehicleWeapons>
  <SensorRange>Close</SensorRange>
</Vehicle>