<?xml version="1.0"?>
<Vehicle xmlns:xsi="http://www.w3.org/2001/XMLSchema-instance" xmlns:xsd="http://www.w3.org/2001/XMLSchema">
  <Key>STARDESTI</Key>
  <Name>Imperial I-Class Star Destroyer</Name>
  <Description>
    [H3]Imperial I-Class Star Destroyer[h3]

Considered the "face of the Imperial Navy," and one of the most powerful ships in current service, KDY's Imperial I-class Star Destroyer is the latest in a long line of frighteningly powerful line of battleships fielded by the Imperial Navy. Massive, imposing ships with a long arrowhead-shaped hull and a towering, heavily armored superstructure, these vessels were designed as much to intimidate and sow fear as they were to fight other battleship-type vessels. Probably the most common vessel in the Imperial fleet, they are over a kilometer long, heavily shielded, bristling with weapons, and manned by the best and brightest officers and crew the Navy has to offer. Along with their offensive weaponry. they carry six squadrons of TIE fighters, typically a mix of standard /In fighters, interceptors, and bombers, along with a variety of shuttlecraft, landing craft, and numerous ground vehicles. A single Imperial I can take control of an entire planet, or simply lay it to waste with a powerful orbital bombardment, and a battlegroup led by such a vessel can lock an entire sector down with ease. 

[P]Despite their well-deserved reputation for power and resilience, and despite what the Imperial admiralty would have the galaxy believe, Imperial-class ships are far from indestrucible. Even though their hulls are littered with various sizes of turbolaser turrets, ion cannons, tractor beam projectors, and anti-fighter weapons batteries, there are still blind spots where weapons can't reach. A well-flown fighter or small gunboat can squeeze through and deliver deadly blows with bombs and torpedoes. In addition, thanks to cost-saving measures and quirks of design, a few important parts of the hull are surprisingly lightly armored; a battlegroup commander with a brave squadron and a working knowledge of Imperial tactics can neutralize one of these massive vessels with surprising ease. However, they are not to be underestimated, and their fighter squadrons, the battlegroups with which they invariably travel, and the tactical know-how of their commanders make them incredibly tough nuts to crack.</Description>
  <Source>Age of Rebellion Core Rulebook</Source>
  <Custom>DescOnly</Custom>
  <Type>Star Destroyer</Type>
  <Categories>
    <Category>Capital Ship</Category>
    <Category>Non-Fighter Starship</Category>
    <Category>Starship</Category>
  </Categories>
  <HP>2</HP>
  <Price>150000000</Price>
  <Rarity>7</Rarity>
  <Restricted>true</Restricted>
  <HyperdrivePrimary>2</HyperdrivePrimary>
  <HyperdriveBackup>8</HyperdriveBackup>
  <StarFighters>72 starfighters</StarFighters>
  <NaviComputer>true</NaviComputer>
  <Crew>37085 officers, pilots, and enlisted</Crew>
  <EncumbranceCapacity>10000</EncumbranceCapacity>
  <Passengers>9700</Passengers>
  <Consumables>Two years</Consumables>
  <Silhouette>8</Silhouette>
  <Speed>2</Speed>
  <Handling>-3</Handling>
  <DefFore>3</DefFore>
  <DefAft>2</DefAft>
  <DefPort>3</DefPort>
  <DefStarboard>3</DefStarboard>
  <Armor>10</Armor>
  <HullTrauma>145</HullTrauma>
  <SystemStrain>60</SystemStrain>
  <Starship>true</Starship>
  <Massive>2</Massive>
  <VehicleWeapons>
    <VehicleWeapon>
      <FiringArcs>
        <Fore>true</Fore>
        <Port>true</Port>
      </FiringArcs>
      <Location>Port</Location>
      <Qualities>
        <Quality>
          <Key>LINKED</Key>
          <Count>1</Count>
        </Quality>
      </Qualities>
      <Key>TURBOHVY</Key>
      <Count>10</Count>
    </VehicleWeapon>
    <VehicleWeapon>
      <FiringArcs>
        <Fore>true</Fore>
        <Starboard>true</Starboard>
      </FiringArcs>
      <Location>Starboard</Location>
      <Qualities>
        <Quality>
          <Key>LINKED</Key>
          <Count>1</Count>
        </Quality>
      </Qualities>
      <Key>TURBOHVY</Key>
      <Count>10</Count>
    </VehicleWeapon>
    <VehicleWeapon>
      <FiringArcs>
        <Fore>true</Fore>
        <Port>true</Port>
        <Starboard>true</Starboard>
      </FiringArcs>
      <Location>Dorsal</Location>
      <Qualities>
        <Quality>
          <Key>LINKED</Key>
          <Count>1</Count>
        </Quality>
      </Qualities>
      <Key>TURBOHVY</Key>
      <Count>10</Count>
    </VehicleWeapon>
    <VehicleWeapon>
      <FiringArcs>
        <Port>true</Port>
      </FiringArcs>
      <Location>Port</Location>
      <Key>TURBOLT</Key>
      <Count>10</Count>
    </VehicleWeapon>
    <VehicleWeapon>
      <FiringArcs>
        <Starboard>true</Starboard>
      </FiringArcs>
      <Location>Starboard</Location>
      <Key>TURBOLT</Key>
      <Count>10</Count>
    </VehicleWeapon>
    <VehicleWeapon>
      <FiringArcs>
        <Fore>true</Fore>
      </FiringArcs>
      <Location>Forward</Location>
      <Key>TURBOLT</Key>
      <Count>10</Count>
    </VehicleWeapon>
    <VehicleWeapon>
      <FiringArcs>
        <Fore>true</Fore>
        <Port>true</Port>
      </FiringArcs>
      <Location>Port</Location>
      <Key>IONBATT</Key>
      <Count>10</Count>
    </VehicleWeapon>
    <VehicleWeapon>
      <FiringArcs>
        <Fore>true</Fore>
        <Starboard>true</Starboard>
      </FiringArcs>
      <Location>Starboard</Location>
      <Key>IONBATT</Key>
      <Count>10</Count>
    </VehicleWeapon>
    <VehicleWeapon>
      <FiringArcs>
        <Fore>true</Fore>
        <Port>true</Port>
        <Starboard>true</Starboard>
      </FiringArcs>
      <Location>Ventral</Location>
      <Key>IONBATT</Key>
      <Count>10</Count>
    </VehicleWeapon>
    <VehicleWeapon>
      <FiringArcs>
        <Port>true</Port>
      </FiringArcs>
      <Location>Port</Location>
      <Key>IONMED</Key>
      <Count>15</Count>
    </VehicleWeapon>
    <VehicleWeapon>
      <FiringArcs>
        <Starboard>true</Starboard>
      </FiringArcs>
      <Location>Starboard</Location>
      <Key>IONMED</Key>
      <Count>15</Count>
    </VehicleWeapon>
    <VehicleWeapon>
      <FiringArcs>
        <Fore>true</Fore>
        <Port>true</Port>
        <Starboard>true</Starboard>
      </FiringArcs>
      <Key>TRACTHVY</Key>
      <Count>10</Count>
    </VehicleWeapon>
  </VehicleWeapons>
  <SensorRange>Close</SensorRange>
</Vehicle>