<?xml version="1.0"?>
<Vehicle xmlns:xsi="http://www.w3.org/2001/XMLSchema-instance" xmlns:xsd="http://www.w3.org/2001/XMLSchema">
  <Key>KAPPASHUTREB</Key>
  <Name>Kappa-Class Shuttle (Rebellion)</Name>
  <Description>[H3][I]Kappa[i]-Class Shuttle (Rebellion)[h3]

The Kappa-class shuttle holds a curious place among the starships of the galaxy. Now considered an Imperial ship class by many, the Kappa was originally produced for the Old Republic. It was designed for use in conjunction with hardware of that era that is now considered obsolete, such as the AT-PT walkers commonly stowed in the shuttle's vehicle bay. The Empire has not wasted the shuttles they inherited from the Republic. However, additional production runs are rarely called for, and the Kappa is generally considered an outmoded relic, replaced by newer models such as the Lambda-class that eventually succeeded it. 

[P]The Rebellion has access to a number of Kappa-class vessels pulled from Old Republic stores on sympathetic worlds or stolen from Imperials. Their use is regarded with mixed feelings, as their history does not redeem their present deployment by the Empire. 
[P]The Kappa-class has a long, flat hull capable of transporting up to 40 troops with equipment and support vehicles. The slim, boxy troop compartment is flanked by short, fin-like wings and fronted by an angular bridge that resembles that of the Lambda shuttles that replaced it. Although the Kappa-class is considerably larger than its replacement, its weight is well-distributed, and no space within the vessel is wasted, allowing it to handle with surprising ease.</Description>
  <Source>Desperate Allies</Source>
  <Custom>DescOnly</Custom>
  <Type>Shuttle</Type>
  <Categories>
    <Category>Non-Fighter Starship</Category>
    <Category>Starship</Category>
  </Categories>
  <HP>2</HP>
  <Price>110000</Price>
  <Rarity>5</Rarity>
  <Restricted>true</Restricted>
  <HyperdrivePrimary>2</HyperdrivePrimary>
  <HyperdriveBackup>18</HyperdriveBackup>
  <NaviComputer>true</NaviComputer>
  <Crew>One pilot, one co-pilot/engineer, two gunners</Crew>
  <EncumbranceCapacity>250</EncumbranceCapacity>
  <Passengers>40</Passengers>
  <Consumables>Two months</Consumables>
  <Silhouette>4</Silhouette>
  <Speed>3</Speed>
  <DefFore>1</DefFore>
  <DefAft>1</DefAft>
  <Armor>4</Armor>
  <HullTrauma>28</HullTrauma>
  <SystemStrain>14</SystemStrain>
  <Starship>true</Starship>
  <VehicleWeapons>
    <VehicleWeapon>
      <FiringArcs>
        <Fore>true</Fore>
        <Aft>true</Aft>
        <Port>true</Port>
        <Starboard>true</Starboard>
        <Dorsal>true</Dorsal>
      </FiringArcs>
      <Turret>true</Turret>
      <Location>Dorsal</Location>
      <Qualities>
        <Quality>
          <Key>LINKED</Key>
          <Count>1</Count>
        </Quality>
      </Qualities>
      <Key>BLASTCANHVY</Key>
    </VehicleWeapon>
    <VehicleWeapon>
      <FiringArcs>
        <Fore>true</Fore>
      </FiringArcs>
      <Location>WingMounted</Location>
      <Key>AUTOBLAST</Key>
      <Count>2</Count>
    </VehicleWeapon>
  </VehicleWeapons>
  <SensorRange>Close</SensorRange>
</Vehicle>