<?xml version="1.0"?>
<Vehicle xmlns:xsi="http://www.w3.org/2001/XMLSchema-instance" xmlns:xsd="http://www.w3.org/2001/XMLSchema">
  <Key>KOSSAKFRIG</Key>
  <Name>Kossak-Class Frigate</Name>
  <Description>[H3]Ubrikkian Industries Kossak-Class Frigate[h3]

Designed and constructed by Ubrikkian Industries specifically for the Hutts, the Kossok-class frigate allows the kajidics to protect their investments from rivals and pirates, as well as to project raw power when needed. The hulking frigate is well-armored and shielded. Its turbolaser batteries and ion cannons provide significant firepower, while smaller laser cannons along its hull allow for point defense against starfighters. Though the Kossak-class frigate has a relatively small landing bay, it is able to accommodate a dozen starfighters and several shuttles and small transports.</Description>
  <Source>Lords of Nal Hutta</Source>
  <Custom>DescOnly</Custom>
  <Type>Frigate</Type>
  <Categories>
    <Category>Capital Ship</Category>
    <Category>Non-Fighter Starship</Category>
    <Category>Starship</Category>
  </Categories>
  <HP>3</HP>
  <Price>8300000</Price>
  <Rarity>7</Rarity>
  <HyperdrivePrimary>2</HyperdrivePrimary>
  <HyperdriveBackup>12</HyperdriveBackup>
  <StarFighters>Eight starfighters, four heavy starfighters/bombers, three shuttles</StarFighters>
  <NaviComputer>true</NaviComputer>
  <Crew>975 officers, pilots, and crew</Crew>
  <EncumbranceCapacity>3500</EncumbranceCapacity>
  <Passengers>90</Passengers>
  <Consumables>Two years</Consumables>
  <Silhouette>6</Silhouette>
  <Speed>3</Speed>
  <Handling>-2</Handling>
  <DefFore>2</DefFore>
  <DefAft>1</DefAft>
  <DefPort>2</DefPort>
  <DefStarboard>2</DefStarboard>
  <Armor>6</Armor>
  <HullTrauma>75</HullTrauma>
  <SystemStrain>45</SystemStrain>
  <Starship>true</Starship>
  <VehicleWeapons>
    <VehicleWeapon>
      <FiringArcs>
        <Fore>true</Fore>
        <Aft>true</Aft>
        <Port>true</Port>
      </FiringArcs>
      <Turret>true</Turret>
      <Location>Port</Location>
      <Key>TURBOMED</Key>
      <Count>6</Count>
    </VehicleWeapon>
    <VehicleWeapon>
      <FiringArcs>
        <Fore>true</Fore>
        <Aft>true</Aft>
        <Starboard>true</Starboard>
      </FiringArcs>
      <Turret>true</Turret>
      <Location>Starboard</Location>
      <Key>TURBOMED</Key>
      <Count>6</Count>
    </VehicleWeapon>
    <VehicleWeapon>
      <FiringArcs>
        <Aft>true</Aft>
      </FiringArcs>
      <Turret>true</Turret>
      <Location>Aft</Location>
      <Qualities>
        <Quality>
          <Key>LINKED</Key>
          <Count>1</Count>
        </Quality>
      </Qualities>
      <Key>LASERLT</Key>
      <Count>4</Count>
    </VehicleWeapon>
    <VehicleWeapon>
      <FiringArcs>
        <Port>true</Port>
      </FiringArcs>
      <Turret>true</Turret>
      <Location>Port</Location>
      <Qualities>
        <Quality>
          <Key>LINKED</Key>
          <Count>1</Count>
        </Quality>
      </Qualities>
      <Key>LASERLT</Key>
      <Count>4</Count>
    </VehicleWeapon>
    <VehicleWeapon>
      <FiringArcs>
        <Starboard>true</Starboard>
      </FiringArcs>
      <Turret>true</Turret>
      <Location>Starboard</Location>
      <Qualities>
        <Quality>
          <Key>LINKED</Key>
          <Count>1</Count>
        </Quality>
      </Qualities>
      <Key>LASERLT</Key>
      <Count>4</Count>
    </VehicleWeapon>
    <VehicleWeapon>
      <FiringArcs>
        <Fore>true</Fore>
        <Port>true</Port>
        <Starboard>true</Starboard>
      </FiringArcs>
      <Location>Forward</Location>
      <Qualities>
        <Quality>
          <Key>LINKED</Key>
          <Count>1</Count>
        </Quality>
      </Qualities>
      <Key>LASERMED</Key>
    </VehicleWeapon>
    <VehicleWeapon>
      <FiringArcs>
        <Fore>true</Fore>
      </FiringArcs>
      <Location>Forward</Location>
      <Key>TRACTHVY</Key>
      <Count>2</Count>
    </VehicleWeapon>
  </VehicleWeapons>
  <SensorRange>Close</SensorRange>
</Vehicle>