<?xml version="1.0"?>
<Vehicle xmlns:xsi="http://www.w3.org/2001/XMLSchema-instance" xmlns:xsd="http://www.w3.org/2001/XMLSchema">
  <Key>LAATI</Key>
  <Name>LAAT/i Infantry Transport</Name>
  <Description>[H3]LAAT/i Infantry Transport[h3]
The LAAT/i (infantry) is a variant o f the Low Altitude Assault Transport designed to carry ground troops (originally, Clone Troopers) into battle. Besides delivering the troops to the field, the LAAT/i serves several support roles including air superiority and air-to-ground artillery bombardment.</Description>
  <Source Page="61">Forged in Battle</Source>
  <Custom>DescOnly</Custom>
  <Type>Heavy Assault Airspeeder</Type>
  <Categories>
    <Category>Air Vehicle</Category>
  </Categories>
  <HP>2</HP>
  <Price>85000</Price>
  <Rarity>4</Rarity>
  <Restricted>true</Restricted>
  <MaxAltitude>100 kilometers</MaxAltitude>
  <StarFighters>Four speeder bikes</StarFighters>
  <SensorRangeValue>srMedium</SensorRangeValue>
  <Crew>One pilot, one co-pilot/gunner, two to four additional gunners</Crew>
  <EncumbranceCapacity>30</EncumbranceCapacity>
  <Passengers>30</Passengers>
  <Silhouette>4</Silhouette>
  <Speed>4</Speed>
  <Handling>-1</Handling>
  <DefFore>1</DefFore>
  <DefAft>1</DefAft>
  <Armor>3</Armor>
  <HullTrauma>20</HullTrauma>
  <SystemStrain>15</SystemStrain>
  <VehicleWeapons>
    <VehicleWeapon>
      <FiringArcs>
        <Fore>true</Fore>
      </FiringArcs>
      <Turret>true</Turret>
      <Key>LASERLT</Key>
      <Count>4</Count>
    </VehicleWeapon>
    <VehicleWeapon>
      <FiringArcs>
        <Fore>true</Fore>
      </FiringArcs>
      <Location>Forward</Location>
      <Qualities>
        <Quality>
          <Key>LINKED</Key>
          <Count>1</Count>
        </Quality>
        <Quality>
          <Key>LIMITEDAMMO</Key>
          <Count>10</Count>
        </Quality>
        <Quality>
          <Key>BLAST</Key>
          <Count>4</Count>
        </Quality>
        <Quality>
          <Key>GUIDED</Key>
          <Count>3</Count>
        </Quality>
      </Qualities>
      <Key>MASSDRIVMSL</Key>
    </VehicleWeapon>
    <VehicleWeapon>
      <FiringArcs>
        <Fore>true</Fore>
      </FiringArcs>
      <Location>Forward</Location>
      <Key>ANTIAIR</Key>
    </VehicleWeapon>
    <VehicleWeapon>
      <FiringArcs>
        <Starboard>true</Starboard>
      </FiringArcs>
      <Turret>true</Turret>
      <Location>Starboard</Location>
      <Key>ANTIPERSLASER</Key>
    </VehicleWeapon>
    <VehicleWeapon>
      <FiringArcs>
        <Port>true</Port>
      </FiringArcs>
      <Turret>true</Turret>
      <Location>Port</Location>
      <Key>ANTIPERSLASER</Key>
    </VehicleWeapon>
    <VehicleWeapon>
      <FiringArcs>
        <Aft>true</Aft>
      </FiringArcs>
      <Turret>true</Turret>
      <Location>Aft</Location>
      <Key>ANTIPERSLASER</Key>
    </VehicleWeapon>
  </VehicleWeapons>
  <SensorRange>Medium</SensorRange>
</Vehicle>