<?xml version="1.0"?>
<Vehicle xmlns:xsi="http://www.w3.org/2001/XMLSchema-instance" xmlns:xsd="http://www.w3.org/2001/XMLSchema">
  <Key>LM002BLOOD</Key>
  <Name>LM002 Bloodhound Survey Vehicle</Name>
  <Description>[H3]LM002 Bloodhound Survey Vehicle[h3]
The Bloodhound models by SoroSuub are medium-sized landspeeders built for professional planetary survey teams. Rugged and boxy, these speeders are designed to be dropped into hostile environments with a crew of four and endure with little to no support. They have a reputation for being nearly indestructable and for being able to withstand extremes of temperature, weather, and most other atmospheric conditions that would cripple or destroy lesser vehicles. While designed for the civilian market, many of these hardy vehicle have found their way into various militaries around the galaxy, including the Imperial Army's Long Range Reconnaissance units and the Imperial Survey Corps.  </Description>
  <Source Page="55">Savage Spirits</Source>
  <Custom>DescOnly</Custom>
  <Type>Landspeeder</Type>
  <Categories>
    <Category>Land Vehicle</Category>
  </Categories>
  <HP>2</HP>
  <Price>13500</Price>
  <Rarity>7</Rarity>
  <BaseMods>
    <Mod>
      <Count>1</Count>
      <MiscDesc>[B]PVA.q  Long-Range Terrain Scanner[b]: Requires an [B]Average ([DI][DI]) Computers check[b]. Produced maps add automatic [SU] to Survival checks made to navigate using map, plus an additional [SU] for every [AD][AD] generated by the Computers check.</MiscDesc>
    </Mod>
  </BaseMods>
  <MaxAltitude>10 meters</MaxAltitude>
  <SensorRangeValue>srLong</SensorRangeValue>
  <Crew>One pilot, one co-pilot, two sensor operators</Crew>
  <EncumbranceCapacity>35</EncumbranceCapacity>
  <Passengers>2</Passengers>
  <Silhouette>2</Silhouette>
  <Speed>2</Speed>
  <Handling>-1</Handling>
  <Armor>2</Armor>
  <HullTrauma>15</HullTrauma>
  <SystemStrain>12</SystemStrain>
  <SinglePilot>true</SinglePilot>
  <SensorRange>Long</SensorRange>
</Vehicle>