<?xml version="1.0"?>
<Vehicle xmlns:xsi="http://www.w3.org/2001/XMLSchema-instance" xmlns:xsd="http://www.w3.org/2001/XMLSchema">
  <Key>LORONARE9</Key>
  <Name>Loronar E-9 Explorer-class Long Range Scout</Name>
  <Description>
    [H3]Loronar E-9 Explorer-class Long Range Scout[h3]

Loronar Corporation is an old, respected, and well-diversified corporation based in the Meridian Sector. Known primarily for their mining interests, they are relative newcomers to the shipbuilding industry. One of their first forays into shipbuilding came at the end of the Clone Wars with the introduction of the E-9 unarmed light freighter. 

[P]It was, to put it mildly, a colossal failure upon delivery. The ship suffered not from production or quality failures (in fact it was an excellent small freighter) but from political turmoil and intense competition from Corellian Engineering's already entrenched and wildly popular YT series of light freighters. 

[P]After a few years of dismal sales, the E-9 was discontinued as a light freighter, redesigned, and rereleased as a long-range armed scouting vessel. Most of the ship's systems remained the same, as did its swooping, organic-looking hull, but the sensors, flight control, and computer systems were all upgraded and optimized for reconnaissance and scouting. Cargo capacity was reduced significantly to make way for larger engines and a more powerful power generator, and a pair of turret-mounted laser cannons were added for defense. After a fair amount of legal wrangling with the newly ascendant Empire, which looked askance at civilian shipbuilders mounting weapons to their products, the rebadged E-9 Explorer-class ships were introduced just as the Empire solidified its control over the galaxy. 

[P]Some of the larger ships in their class, the Explorer-class ships are built for endurance and reliability. The hull is low and long, with soft, curved lines and a silhouette reminiscent of a sea creature. It has a medium-sized cargo hold equipped with a convenient load-management and inventory computer that assists in loading, unloading, and tracking cargo. It also boasts a quartet of small but comfortable passenger berths, a common-crew berthing area, and a common galley/head. The command deck is directly forward and seats three of the four-man crew: the pilot, copilot, and engineer. The loadmaster's station is in the cargo hold. 

[P]Despite their age, Explorer-class ships have a considerably modern layout, making accessing the various compartments and holds easy and intuitive. With their powerful scouting sensor arrays, reliable engines and flight-control computers, and onboard weapon systems, the Explorer-class ships are perfectly suited for long-range scouting, exploration, and even light trade.</Description>
  <Source>Enter the Unknown</Source>
  <Custom>DescOnly</Custom>
  <Type>Patrol Boat</Type>
  <Categories>
    <Category>Non-Fighter Starship</Category>
    <Category>Starship</Category>
  </Categories>
  <HP>4</HP>
  <Price>120000</Price>
  <Rarity>6</Rarity>
  <HyperdrivePrimary>1</HyperdrivePrimary>
  <HyperdriveBackup>12</HyperdriveBackup>
  <StarFighters>None</StarFighters>
  <NaviComputer>true</NaviComputer>
  <Crew>One pilot, one co-pilot, one engineeer, one loadmaster</Crew>
  <EncumbranceCapacity>60</EncumbranceCapacity>
  <Passengers>4</Passengers>
  <Consumables>Six months</Consumables>
  <Silhouette>4</Silhouette>
  <Speed>3</Speed>
  <Handling>-1</Handling>
  <DefFore>1</DefFore>
  <DefAft>1</DefAft>
  <Armor>4</Armor>
  <HullTrauma>25</HullTrauma>
  <SystemStrain>14</SystemStrain>
  <Starship>true</Starship>
  <VehicleWeapons>
    <VehicleWeapon>
      <FiringArcs>
        <Fore>true</Fore>
        <Aft>true</Aft>
        <Port>true</Port>
        <Starboard>true</Starboard>
        <Dorsal>true</Dorsal>
      </FiringArcs>
      <Turret>true</Turret>
      <Location>Dorsal</Location>
      <Qualities>
        <Quality>
          <Key>LINKED</Key>
          <Count>1</Count>
        </Quality>
      </Qualities>
      <Key>LASERMED</Key>
    </VehicleWeapon>
    <VehicleWeapon>
      <FiringArcs>
        <Fore>true</Fore>
        <Aft>true</Aft>
        <Port>true</Port>
        <Starboard>true</Starboard>
        <Ventral>true</Ventral>
      </FiringArcs>
      <Turret>true</Turret>
      <Location>Ventral</Location>
      <Qualities>
        <Quality>
          <Key>LINKED</Key>
          <Count>1</Count>
        </Quality>
      </Qualities>
      <Key>LASERMED</Key>
    </VehicleWeapon>
  </VehicleWeapons>
  <BuiltInAttachments>
    <Key>ENGACCESS</Key>
  </BuiltInAttachments>
  <SensorRange>Close</SensorRange>
</Vehicle>