<?xml version="1.0"?>
<Vehicle xmlns:xsi="http://www.w3.org/2001/XMLSchema-instance" xmlns:xsd="http://www.w3.org/2001/XMLSchema">
  <Key>M12KIM</Key>
  <Name>M12-L Kimogila Heavy Starfighter</Name>
  <Description>[H3]M12-L Kimogila Heavy Starfighter[h3]
A long-range, multipurpose starfighter more durable than most craft used by the cartels, the Kimogila is the product of a contract between the Hutts and MandalMotors to design and build a ship to meet the kajidics' needs. The result was the M12-L Kimogila, a robust, heavily armed and armored starfighter able to fill the role of patrol ship, space superiority fighter, or attack craft. Though not as compact or nimble as earlier vessels built by MandalMotors for the Hutt kajidics, the Kimogila's strength, flexibility, and sheer firepower make it a match for virtually any other starfighter in the galaxy and a favorite of many freelance mercenaries, privateers, and wandering blades for hire.
[P][I]Note: Proton torpedo can be swapped with a concussive missile launcher.[i]</Description>
  <Source>Keeping the Peace</Source>
  <Custom>DescOnly</Custom>
  <Type>Starfighter</Type>
  <Categories>
    <Category>Starship</Category>
  </Categories>
  <HP>2</HP>
  <Price>150000</Price>
  <Rarity>5</Rarity>
  <HyperdrivePrimary>2</HyperdrivePrimary>
  <NaviComputer>true</NaviComputer>
  <SensorRangeValue>srShort</SensorRangeValue>
  <Crew>One pilot</Crew>
  <EncumbranceCapacity>20</EncumbranceCapacity>
  <Consumables>Two weeks</Consumables>
  <Silhouette>4</Silhouette>
  <Speed>4</Speed>
  <Handling>-1</Handling>
  <DefFore>2</DefFore>
  <Armor>3</Armor>
  <HullTrauma>16</HullTrauma>
  <SystemStrain>14</SystemStrain>
  <Starship>true</Starship>
  <SinglePilot>true</SinglePilot>
  <VehicleWeapons>
    <VehicleWeapon>
      <FiringArcs>
        <Fore>true</Fore>
      </FiringArcs>
      <Location>Forward</Location>
      <Qualities>
        <Quality>
          <Key>LINKED</Key>
          <Count>2</Count>
        </Quality>
      </Qualities>
      <Key>LASERHVY</Key>
    </VehicleWeapon>
    <VehicleWeapon>
      <FiringArcs>
        <Fore>true</Fore>
      </FiringArcs>
      <Location>Forward</Location>
      <Key>PTL</Key>
    </VehicleWeapon>
  </VehicleWeapons>
  <SensorRange>Short</SensorRange>
</Vehicle>