<?xml version="1.0"?>
<Vehicle xmlns:xsi="http://www.w3.org/2001/XMLSchema-instance" xmlns:xsd="http://www.w3.org/2001/XMLSchema">
  <Key>MC80STARCRUIS</Key>
  <Name>MC80 Liberty Type Star Cruiser</Name>
  <Description>
    [H3]MC80 Liberty Type Star Cruiser[h3]

Long and sleek with a decidedly bulbous, organic silhouette, these lovely vessels are among the few heavy line of battle ships possessed by the Rebel Alliance. Produced by Mon Calamari Shipyards, the MC80 ships were initially designed as long range exploration or pleasure craft, civilian vessels designed to cruise the stars for knowledge or carry passengers in luxury and style. Each one is unique, hand-crafted by talented Mon Calamari shipwrights to exacting specifications. Rivaling the Imperial II-class Star Destroyers in length and mass, these ships fell into the hands of the Alliance as the Mon Calamari people were liberated from their Imperial oppressors. Sturdy, well-built, and over-engineered, they were designed to stand up to the rigors of constant interstellar travel, a type of shipbuilding that took surprisingly well to combat roles. 

[P]Beneath the graceful, rolling lines of their hull plates, these ships mount a frightful array of heavy weapons, and their firepower and thickly armored hulls have taken more than one Imperial battlegroup by surprise. In addition to their firepower, MC80 ships also carry up to ten squadrons of fighters, along with numerous shuttles, landing ships, and utility craft. Extremely powerful and versatile, they are also difficult to maintain, as they are all unique and there is hardly any component commonality between ships. This fact more than anything causes the Alliance to show caution in how and where they deploy these vessels, as each one is nearly irreplaceable. </Description>
  <Source>Age of Rebellion Core Rulebook</Source>
  <Custom>DescOnly</Custom>
  <Type>Heavy Star Cruiser</Type>
  <Categories>
    <Category>Capital Ship</Category>
    <Category>Non-Fighter Starship</Category>
    <Category>Starship</Category>
  </Categories>
  <HP>4</HP>
  <Price>104000000</Price>
  <Rarity>7</Rarity>
  <HyperdrivePrimary>1</HyperdrivePrimary>
  <HyperdriveBackup>9</HyperdriveBackup>
  <StarFighters>36 starfighters</StarFighters>
  <NaviComputer>true</NaviComputer>
  <Crew>5400 officers, pilots, and enlisted</Crew>
  <EncumbranceCapacity>10000</EncumbranceCapacity>
  <Passengers>1200</Passengers>
  <Consumables>Two years</Consumables>
  <Silhouette>8</Silhouette>
  <Speed>2</Speed>
  <Handling>-2</Handling>
  <DefFore>3</DefFore>
  <DefAft>3</DefAft>
  <DefPort>4</DefPort>
  <DefStarboard>4</DefStarboard>
  <Armor>9</Armor>
  <HullTrauma>140</HullTrauma>
  <SystemStrain>80</SystemStrain>
  <Starship>true</Starship>
  <Massive>2</Massive>
  <VehicleWeapons>
    <VehicleWeapon>
      <FiringArcs>
        <Fore>true</Fore>
        <Port>true</Port>
        <Starboard>true</Starboard>
      </FiringArcs>
      <Location>Forward</Location>
      <Qualities>
        <Quality>
          <Key>LINKED</Key>
          <Count>1</Count>
        </Quality>
      </Qualities>
      <Key>TURBOHVY</Key>
      <Count>12</Count>
    </VehicleWeapon>
    <VehicleWeapon>
      <FiringArcs>
        <Fore>true</Fore>
        <Aft>true</Aft>
        <Port>true</Port>
      </FiringArcs>
      <Location>Port</Location>
      <Qualities>
        <Quality>
          <Key>LINKED</Key>
          <Count>1</Count>
        </Quality>
      </Qualities>
      <Key>TURBOHVY</Key>
      <Count>12</Count>
    </VehicleWeapon>
    <VehicleWeapon>
      <FiringArcs>
        <Fore>true</Fore>
        <Aft>true</Aft>
        <Starboard>true</Starboard>
      </FiringArcs>
      <Location>Starboard</Location>
      <Qualities>
        <Quality>
          <Key>LINKED</Key>
          <Count>1</Count>
        </Quality>
      </Qualities>
      <Key>TURBOHVY</Key>
      <Count>12</Count>
    </VehicleWeapon>
    <VehicleWeapon>
      <FiringArcs>
        <Aft>true</Aft>
        <Port>true</Port>
        <Starboard>true</Starboard>
      </FiringArcs>
      <Location>Aft</Location>
      <Qualities>
        <Quality>
          <Key>LINKED</Key>
          <Count>1</Count>
        </Quality>
      </Qualities>
      <Key>TURBOHVY</Key>
      <Count>12</Count>
    </VehicleWeapon>
    <VehicleWeapon>
      <FiringArcs>
        <Fore>true</Fore>
        <Port>true</Port>
        <Starboard>true</Starboard>
      </FiringArcs>
      <Location>Forward</Location>
      <Qualities>
        <Quality>
          <Key>LINKED</Key>
          <Count>1</Count>
        </Quality>
      </Qualities>
      <Key>IONBATT</Key>
      <Count>5</Count>
    </VehicleWeapon>
    <VehicleWeapon>
      <FiringArcs>
        <Fore>true</Fore>
        <Aft>true</Aft>
        <Port>true</Port>
      </FiringArcs>
      <Location>Port</Location>
      <Qualities>
        <Quality>
          <Key>LINKED</Key>
          <Count>1</Count>
        </Quality>
      </Qualities>
      <Key>IONBATT</Key>
      <Count>5</Count>
    </VehicleWeapon>
    <VehicleWeapon>
      <FiringArcs>
        <Fore>true</Fore>
        <Aft>true</Aft>
        <Starboard>true</Starboard>
      </FiringArcs>
      <Location>Starboard</Location>
      <Qualities>
        <Quality>
          <Key>LINKED</Key>
          <Count>1</Count>
        </Quality>
      </Qualities>
      <Key>IONBATT</Key>
      <Count>5</Count>
    </VehicleWeapon>
    <VehicleWeapon>
      <FiringArcs>
        <Aft>true</Aft>
        <Port>true</Port>
        <Starboard>true</Starboard>
      </FiringArcs>
      <Location>Aft</Location>
      <Qualities>
        <Quality>
          <Key>LINKED</Key>
          <Count>1</Count>
        </Quality>
      </Qualities>
      <Key>IONBATT</Key>
      <Count>5</Count>
    </VehicleWeapon>
    <VehicleWeapon>
      <FiringArcs>
        <Fore>true</Fore>
        <Aft>true</Aft>
        <Port>true</Port>
        <Starboard>true</Starboard>
        <Dorsal>true</Dorsal>
        <Ventral>true</Ventral>
      </FiringArcs>
      <Location>Hull</Location>
      <Key>TRACTHVY</Key>
      <Count>6</Count>
    </VehicleWeapon>
  </VehicleWeapons>
  <SensorRange>Close</SensorRange>
</Vehicle>