<?xml version="1.0"?>
<Vehicle xmlns:xsi="http://www.w3.org/2001/XMLSchema-instance" xmlns:xsd="http://www.w3.org/2001/XMLSchema">
  <Key>MIYTIL</Key>
  <Name>Miy'Til Starfighter</Name>
  <Description>[H3]Miy'Til Starfighter[h3]
The Miy'Til serves as the primary multi-role starfighter in the Hapes Consortium. Its relatively smaller size necessitates many miniaturized components but the the craft nonetheless boasts firepower and maneuverability comparable to its Rebel Alliance and Imperial counterparts. A more advanced "command" version of the fighter has been seen occasionally, but its increased firepower came at a proportionally steeper cost. Usually employed only in light border skirmishes, several more intense engagements have shown the ship can withstand longer deployments if possible.</Description>
  <Source>Keeping the Peace</Source>
  <Custom>DescOnly</Custom>
  <Type>Starfighter</Type>
  <Categories>
    <Category>Starship</Category>
  </Categories>
  <HP>1</HP>
  <Price>210000</Price>
  <Rarity>8</Rarity>
  <HyperdrivePrimary>2</HyperdrivePrimary>
  <HyperdriveBackup>12</HyperdriveBackup>
  <Crew>One pilot</Crew>
  <EncumbranceCapacity>5</EncumbranceCapacity>
  <Consumables>One day</Consumables>
  <Silhouette>2</Silhouette>
  <Speed>4</Speed>
  <Handling>1</Handling>
  <DefFore>1</DefFore>
  <DefAft>1</DefAft>
  <Armor>2</Armor>
  <HullTrauma>7</HullTrauma>
  <SystemStrain>7</SystemStrain>
  <Starship>true</Starship>
  <SinglePilot>true</SinglePilot>
  <VehicleWeapons>
    <VehicleWeapon>
      <FiringArcs>
        <Fore>true</Fore>
      </FiringArcs>
      <Location>Forward</Location>
      <Qualities>
        <Quality>
          <Key>LINKED</Key>
          <Count>1</Count>
        </Quality>
      </Qualities>
      <Key>LASERMED</Key>
    </VehicleWeapon>
    <VehicleWeapon>
      <FiringArcs>
        <Fore>true</Fore>
      </FiringArcs>
      <Location>Forward</Location>
      <Key>CML</Key>
    </VehicleWeapon>
  </VehicleWeapons>
  <SensorRange>Close</SensorRange>
</Vehicle>