<?xml version="1.0"?>
<Vehicle xmlns:xsi="http://www.w3.org/2001/XMLSchema-instance" xmlns:xsd="http://www.w3.org/2001/XMLSchema">
  <Key>F104MOD</Key>
  <Name>Modular Hangar</Name>
  <Description>[H3]HNG F-104 Modular Hangar[h3]

Similar in construction
to the L-120 modular motor pool, the F-104
modular hangar provides ample space for starfighters
or airspeeders and all of the equipment needed
to maintain and repair these near-priceless military
assets. When assembled, a modular hangar can
hold starfighters or airspeeders with silhouettes
that together total 12 or less.
[P][I]Disclaimer: This is a piece of field equipment found in the Lead by Example Sourcebook.  It is created as a stationary "vehicle" because it is the most appropriate format.  While any mods or benefits are per the official source, the actual vehicle stats are an interpretation only and are not official.  Feel free to modify them if you think any changes are required.[i]</Description>
  <Source Page="48">Lead by Example</Source>
  <Custom>DescOnly</Custom>
  <Type>Field Equipment</Type>
  <Categories />
  <Price>2200</Price>
  <Rarity>2</Rarity>
  <StarFighters>Starfighters or airspeeders totalling up to silhouette 12</StarFighters>
  <SensorRangeValue>srNone</SensorRangeValue>
  <Crew>One to twenty mechanics</Crew>
  <EncumbranceCapacity>200</EncumbranceCapacity>
  <Silhouette>5</Silhouette>
  <HullTrauma>20</HullTrauma>
  <SystemStrain>14</SystemStrain>
  <SensorRange>No Sensors</SensorRange>
</Vehicle>