<?xml version="1.0"?>
<Vehicle xmlns:xsi="http://www.w3.org/2001/XMLSchema-instance" xmlns:xsd="http://www.w3.org/2001/XMLSchema">
  <Key>ND47STAL</Key>
  <Name>ND-47 Stalwart Bulk Freighter</Name>
  <Description>[H3]ND-47 [I]Stalwart[i] Bulk Freighter[h3]
[P]Originally designed as an escort freighter for military naval groups, the ND-47 [I]Stalwart's[i] flat, thin design allows it to act as a makeshift shield for larger, more important vessels should their shields or armor become damaged. It's strong shields and tough armor plating also make it ideal for storing and transporting explosives and other military supplies, although this comes at the cost of offensive capabilities, of which the standard build has none. The freighter has also grown popular with captains who value toughness and durability over any other features in their ship. When not serving as an intentional shield, its design gives it a very narrow profile when either approaching or fleeing a target, making the vesem surprisingly hard to hit in such circumstances.</Description>
  <Source>Keeping the Peace</Source>
  <Custom>DescOnly</Custom>
  <Type>Bulk Freighter</Type>
  <Categories>
    <Category>Non-Fighter Starship</Category>
    <Category>Starship</Category>
  </Categories>
  <HP>2</HP>
  <Price>70000</Price>
  <Rarity>6</Rarity>
  <HyperdrivePrimary>3</HyperdrivePrimary>
  <HyperdriveBackup>12</HyperdriveBackup>
  <NaviComputer>true</NaviComputer>
  <SensorRangeValue>srMedium</SensorRangeValue>
  <Crew>One pilot, one co-pilot, one engineer</Crew>
  <EncumbranceCapacity>200</EncumbranceCapacity>
  <Passengers>10</Passengers>
  <Consumables>Two months</Consumables>
  <Silhouette>5</Silhouette>
  <Speed>2</Speed>
  <Handling>-2</Handling>
  <DefFore>2</DefFore>
  <DefAft>2</DefAft>
  <DefPort>2</DefPort>
  <DefStarboard>2</DefStarboard>
  <Armor>5</Armor>
  <HullTrauma>35</HullTrauma>
  <SystemStrain>15</SystemStrain>
  <Starship>true</Starship>
  <SensorRange>Medium</SensorRange>
</Vehicle>