<?xml version="1.0"?>
<Vehicle xmlns:xsi="http://www.w3.org/2001/XMLSchema-instance" xmlns:xsd="http://www.w3.org/2001/XMLSchema">
  <Key>PB950</Key>
  <Name>PB-950 Patrol Boat</Name>
  <Description>
    [H3]PB-950 Patrol Boat[h3]

An old model patrol boat in production for nearly three centuries, the PB-950 can still be found in service with Imperial Customs and local system defense forces throughout the galaxy, particularly beyond the Inner Rim. A rugged, reliable ship, the clunky PB-950 is known for its ability to withstand considerable punishment, as well as for possessing enough firepower to deal with starfighters and other small vessels it might encounter. While the venerable patrol boat is slowly being phased out in favor of newer models, PB-950 has become increasingly popular among smugglers and pirates, who still appreciate many of its qualities. 

[P]Mounted in turrets on either side of the ship's command deck are two medium ion cannons. Intended to immobilize smugglers' vessels before they could escape, pirates use stock ion cannons to disable their prey. The PB-950 also has a concussion missile launcher and an aft turret-mounted quad laser for dealing with starfighters.</Description>
  <Source>Suns of Fortune</Source>
  <Custom>DescOnly</Custom>
  <Type>Patrol Boat</Type>
  <Categories>
    <Category>Starship</Category>
  </Categories>
  <HP>3</HP>
  <Price>150000</Price>
  <Rarity>5</Rarity>
  <HyperdrivePrimary>3</HyperdrivePrimary>
  <HyperdriveBackup>12</HyperdriveBackup>
  <NaviComputer>true</NaviComputer>
  <Crew>One pilot, one co-pilot/navigator, 2 gunners</Crew>
  <EncumbranceCapacity>150</EncumbranceCapacity>
  <Passengers>8</Passengers>
  <Consumables>Three months</Consumables>
  <Silhouette>5</Silhouette>
  <Speed>3</Speed>
  <Handling>-2</Handling>
  <DefFore>2</DefFore>
  <DefAft>1</DefAft>
  <DefPort>1</DefPort>
  <DefStarboard>1</DefStarboard>
  <Armor>4</Armor>
  <HullTrauma>34</HullTrauma>
  <SystemStrain>22</SystemStrain>
  <Starship>true</Starship>
  <VehicleWeapons>
    <VehicleWeapon>
      <FiringArcs>
        <Aft>true</Aft>
        <Port>true</Port>
        <Starboard>true</Starboard>
      </FiringArcs>
      <Turret>true</Turret>
      <Location>Aft</Location>
      <Key>LASERQUAD</Key>
    </VehicleWeapon>
    <VehicleWeapon>
      <FiringArcs>
        <Fore>true</Fore>
        <Port>true</Port>
      </FiringArcs>
      <Turret>true</Turret>
      <Location>Port</Location>
      <Key>IONMED</Key>
    </VehicleWeapon>
    <VehicleWeapon>
      <FiringArcs>
        <Fore>true</Fore>
        <Starboard>true</Starboard>
      </FiringArcs>
      <Turret>true</Turret>
      <Location>Starboard</Location>
      <Key>IONMED</Key>
    </VehicleWeapon>
    <VehicleWeapon>
      <FiringArcs>
        <Fore>true</Fore>
      </FiringArcs>
      <Location>Forward</Location>
      <Key>CML</Key>
    </VehicleWeapon>
  </VehicleWeapons>
  <SensorRange>Close</SensorRange>
</Vehicle>