<?xml version="1.0"?>
<Vehicle xmlns:xsi="http://www.w3.org/2001/XMLSchema-instance" xmlns:xsd="http://www.w3.org/2001/XMLSchema">
  <Key>PENSTEALTH</Key>
  <Name>Penumbra Stealth Freighter</Name>
  <Description>[H3][I]Penumbra[i] Stealth Freighter[h3]
[P]Made in an extremely limited run, the Penumbra remains practically peerless if one wishes to get a small amount of cargo somewhere covertly and quickly. The ship offers limited defenses and offensive power, but if no one ever knows you're there, these points are rendered moot. This freighter requires near-constant maintenence, as even the slightest scratch on its stealth coating can severely undermine the capabilities of this vessel. For the same reason, the craft cannot be significantly customized. However, several captains have boasted that they have been making regular runs to restricted locations for years using a [I]Penumbra[i] without ever having a close call with the authorities. The veracity of these tales is difficult to ascertain, but given the ship's design such claims can certainly not be ruled out altogether.</Description>
  <Source>Keeping the Peace</Source>
  <Custom>DescOnly</Custom>
  <Type>Freighter</Type>
  <Categories>
    <Category>Starship</Category>
    <Category>Non-Fighter Starship</Category>
  </Categories>
  <Price>100000</Price>
  <Rarity>9</Rarity>
  <BaseMods>
    <Mod>
      <Count>1</Count>
      <MiscDesc>[B]Fragile Stealth System[b]: The [I]Penumbra[i] benefits from stealth systems that render it difficult to detect.  Reduce the range band of enemy ships' passive sensors by one (to a minimum of close) for detecting this vessel.  Increase difficulty of checks to detect this vessel with active sensors by one while it is at speed 2 or lower.  These benefits are lost when hull trauma is 5 or higher.</MiscDesc>
    </Mod>
  </BaseMods>
  <HyperdrivePrimary>4</HyperdrivePrimary>
  <HyperdriveBackup>20</HyperdriveBackup>
  <NaviComputer>true</NaviComputer>
  <SensorRangeValue>srShort</SensorRangeValue>
  <Crew>One pilot, one co-pilot, one gunner</Crew>
  <EncumbranceCapacity>90</EncumbranceCapacity>
  <Passengers>4</Passengers>
  <Consumables>One month</Consumables>
  <Silhouette>5</Silhouette>
  <Speed>3</Speed>
  <Handling>-1</Handling>
  <DefFore>1</DefFore>
  <DefAft>1</DefAft>
  <DefPort>1</DefPort>
  <DefStarboard>1</DefStarboard>
  <Armor>2</Armor>
  <HullTrauma>19</HullTrauma>
  <SystemStrain>12</SystemStrain>
  <Starship>true</Starship>
  <VehicleWeapons>
    <VehicleWeapon>
      <FiringArcs>
        <Fore>true</Fore>
      </FiringArcs>
      <Location>Forward</Location>
      <Qualities>
        <Quality>
          <Key>LINKED</Key>
          <Count>1</Count>
        </Quality>
      </Qualities>
      <Key>IONLT</Key>
    </VehicleWeapon>
  </VehicleWeapons>
  <SensorRange>Short</SensorRange>
</Vehicle>