<?xml version="1.0"?>
<Vehicle xmlns:xsi="http://www.w3.org/2001/XMLSchema-instance" xmlns:xsd="http://www.w3.org/2001/XMLSchema">
  <Key>PERSCARR</Key>
  <Name>Personnel Carrier</Name>
  <Description>
      [H3]Personnel Carrier[h3]

Many smaller or poorer fringe worlds can not afford military or law enforcement vehicles with expensive repulsorlift technology or construct the heavy walkers utilized by the Imperial Army. Instead, many of these worlds supply their militaries or self-defense forces with transports utilizing older but reliable wheeled or treaded propulsion. These personnel carriers are usually extremely simple, which does have the advantage of making them more reliable.</Description>
  <Source>Edge of the Empire Core Rulebook</Source>
  <Custom>DescOnly</Custom>
  <Type>Groundcar</Type>
  <Categories>
    <Category>Wheeled Vehicle</Category>
  </Categories>
  <HP>3</HP>
  <Price>3000</Price>
  <Rarity>2</Rarity>
  <Crew>One Pilot, One Co-Pilot</Crew>
  <EncumbranceCapacity>100</EncumbranceCapacity>
  <Passengers>15</Passengers>
  <Consumables>None</Consumables>
  <Silhouette>3</Silhouette>
  <Speed>2</Speed>
  <Handling>-2</Handling>
  <Armor>4</Armor>
  <HullTrauma>8</HullTrauma>
  <SystemStrain>4</SystemStrain>
  <SensorRange>Close</SensorRange>
</Vehicle>